movement_id,movement_date,product_id,warehouse,movement_type,quantity,unit_cost,supplier
MOV-00001,2024-01-01,PRD-004,ALM-SUR,SALE,7,5.8,
MOV-00002,2024-01-01,PRD-008,ALM-CENTRAL,SALE,4,7.4,
MOV-00003,2024-01-01,PRD-004,ALM-CENTRAL,PURCHASE,7,5.8,ProveedorAlfa
MOV-00004,2024-01-01,PRD-019,ALM-NORTE,SALE,6,32.0,
MOV-00005,2024-01-02,PRD-003,ALM-CENTRAL,SALE,1,22.0,
MOV-00006,2024-01-02,PRD-020,ALM-NORTE,SALE,1,6.0,
MOV-00007,2024-01-02,PRD-018,ALM-SUR,SALE,3,9.5,
MOV-00008,2024-01-03,PRD-019,ALM-NORTE,SALE,1,32.0,
MOV-00009,2024-01-03,PRD-006,ALM-SUR,PURCHASE,13,3.2,ProveedorGamma
MOV-00010,2024-01-03,PRD-005,ALM-SUR,SALE,1,6.5,
MOV-00011,2024-01-03,PRD-004,ALM-NORTE,SALE,3,5.8,
MOV-00012,2024-01-03,PRD-012,ALM-CENTRAL,PURCHASE,7,18.5,ProveedorGamma
MOV-00013,2024-01-03,PRD-002,ALM-CENTRAL,PURCHASE,6,8.3,ProveedorAlfa
MOV-00014,2024-01-03,PRD-013,ALM-SUR,SALE,3,12.0,
MOV-00015,2024-01-03,PRD-020,ALM-SUR,PURCHASE,9,6.0,ProveedorBeta
MOV-00016,2024-01-04,PRD-003,ALM-NORTE,SALE,5,22.0,
MOV-00017,2024-01-04,PRD-010,ALM-NORTE,ADJUSTMENT,1,28.0,
MOV-00018,2024-01-04,PRD-004,ALM-SUR,SALE,3,5.8,
MOV-00019,2024-01-04,PRD-012,ALM-SUR,SALE,2,18.5,
MOV-00020,2024-01-04,PRD-007,ALM-CENTRAL,PURCHASE,12,95.0,ProveedorAlfa
MOV-00021,2024-01-04,PRD-020,ALM-CENTRAL,SALE,7,6.0,
MOV-00022,2024-01-04,PRD-008,ALM-SUR,SALE,3,7.4,
MOV-00023,2024-01-04,PRD-009,ALM-CENTRAL,ADJUSTMENT,6,14.2,
MOV-00024,2024-01-05,PRD-018,ALM-SUR,SALE,4,9.5,
MOV-00025,2024-01-05,PRD-002,ALM-NORTE,SALE,1,8.3,
MOV-00026,2024-01-05,PRD-011,ALM-NORTE,SALE,6,65.0,
MOV-00027,2024-01-06,PRD-007,ALM-CENTRAL,PURCHASE,12,95.0,ProveedorGamma
MOV-00028,2024-01-06,PRD-007,ALM-SUR,PURCHASE,7,95.0,ProveedorDelta
MOV-00029,2024-01-06,PRD-005,ALM-NORTE,SALE,2,6.5,
MOV-00030,2024-01-07,PRD-018,ALM-CENTRAL,SALE,1,9.5,
MOV-00031,2024-01-07,PRD-019,ALM-CENTRAL,SALE,5,32.0,
MOV-00032,2024-01-07,PRD-013,ALM-NORTE,SALE,1,12.0,
MOV-00033,2024-01-07,PRD-017,ALM-NORTE,SALE,1,38.0,
MOV-00034,2024-01-07,PRD-004,ALM-NORTE,SALE,3,5.8,
MOV-00035,2024-01-08,PRD-014,ALM-SUR,SALE,2,45.0,
MOV-00036,2024-01-08,PRD-013,ALM-SUR,SALE,2,12.0,
MOV-00037,2024-01-08,PRD-017,ALM-CENTRAL,SALE,4,38.0,
MOV-00038,2024-01-09,PRD-001,ALM-NORTE,PURCHASE,5,12.5,ProveedorGamma
MOV-00039,2024-01-09,PRD-011,ALM-SUR,SALE,1,65.0,
MOV-00040,2024-01-09,PRD-006,ALM-CENTRAL,SALE,1,3.2,
MOV-00041,2024-01-09,PRD-009,ALM-NORTE,ADJUSTMENT,3,14.2,
MOV-00042,2024-01-09,PRD-017,ALM-CENTRAL,PURCHASE,2,38.0,ProveedorGamma
MOV-00043,2024-01-09,PRD-017,ALM-NORTE,SALE,5,38.0,
MOV-00044,2024-01-09,PRD-012,ALM-CENTRAL,PURCHASE,12,18.5,ProveedorAlfa
MOV-00045,2024-01-09,PRD-020,ALM-NORTE,SALE,2,6.0,
MOV-00046,2024-01-10,PRD-004,ALM-SUR,PURCHASE,4,5.8,ProveedorBeta
MOV-00047,2024-01-10,PRD-002,ALM-CENTRAL,SALE,7,8.3,
MOV-00048,2024-01-10,PRD-003,ALM-SUR,SALE,3,22.0,
MOV-00049,2024-01-10,PRD-003,ALM-CENTRAL,ADJUSTMENT,3,22.0,
MOV-00050,2024-01-10,PRD-005,ALM-SUR,SALE,1,6.5,
MOV-00051,2024-01-10,PRD-018,ALM-CENTRAL,SALE,7,9.5,
MOV-00052,2024-01-10,PRD-020,ALM-NORTE,SALE,6,6.0,
MOV-00053,2024-01-10,PRD-018,ALM-CENTRAL,PURCHASE,5,9.5,ProveedorBeta
MOV-00054,2024-01-11,PRD-010,ALM-CENTRAL,SALE,2,28.0,
MOV-00055,2024-01-11,PRD-012,ALM-CENTRAL,SALE,6,18.5,
MOV-00056,2024-01-11,PRD-015,ALM-NORTE,SALE,6,16.8,
MOV-00057,2024-01-11,PRD-003,ALM-CENTRAL,SALE,3,22.0,
MOV-00058,2024-01-11,PRD-018,ALM-NORTE,SALE,7,9.5,
MOV-00059,2024-01-11,PRD-001,ALM-CENTRAL,SALE,1,12.5,
MOV-00060,2024-01-12,PRD-002,ALM-NORTE,SALE,4,8.3,
MOV-00061,2024-01-12,PRD-011,ALM-NORTE,SALE,3,65.0,
MOV-00062,2024-01-12,PRD-009,ALM-NORTE,PURCHASE,6,14.2,ProveedorBeta
MOV-00063,2024-01-13,PRD-019,ALM-NORTE,SALE,3,32.0,
MOV-00064,2024-01-13,PRD-016,ALM-NORTE,PURCHASE,4,55.0,ProveedorAlfa
MOV-00065,2024-01-13,PRD-004,ALM-SUR,PURCHASE,19,5.8,ProveedorDelta
MOV-00066,2024-01-13,PRD-014,ALM-CENTRAL,SALE,2,45.0,
MOV-00067,2024-01-13,PRD-002,ALM-CENTRAL,PURCHASE,3,8.3,ProveedorAlfa
MOV-00068,2024-01-13,PRD-002,ALM-SUR,SALE,7,8.3,
MOV-00069,2024-01-13,PRD-004,ALM-NORTE,SALE,3,5.8,
MOV-00070,2024-01-14,PRD-018,ALM-SUR,SALE,7,9.5,
MOV-00071,2024-01-14,PRD-006,ALM-NORTE,SALE,4,3.2,
MOV-00072,2024-01-14,PRD-003,ALM-CENTRAL,SALE,1,22.0,
MOV-00073,2024-01-14,PRD-004,ALM-CENTRAL,SALE,1,5.8,
MOV-00074,2024-01-14,PRD-001,ALM-NORTE,ADJUSTMENT,7,12.5,
MOV-00075,2024-01-14,PRD-006,ALM-SUR,SALE,2,3.2,
MOV-00076,2024-01-15,PRD-007,ALM-NORTE,PURCHASE,11,95.0,ProveedorBeta
MOV-00077,2024-01-15,PRD-013,ALM-SUR,SALE,4,12.0,
MOV-00078,2024-01-15,PRD-009,ALM-SUR,PURCHASE,18,14.2,ProveedorGamma
MOV-00079,2024-01-16,PRD-014,ALM-CENTRAL,PURCHASE,10,45.0,ProveedorDelta
MOV-00080,2024-01-16,PRD-005,ALM-NORTE,SALE,3,6.5,
MOV-00081,2024-01-16,PRD-002,ALM-CENTRAL,SALE,7,8.3,
MOV-00082,2024-01-16,PRD-002,ALM-NORTE,PURCHASE,16,8.3,ProveedorAlfa
MOV-00083,2024-01-16,PRD-019,ALM-CENTRAL,SALE,2,32.0,
MOV-00084,2024-01-16,PRD-006,ALM-CENTRAL,SALE,1,3.2,
MOV-00085,2024-01-16,PRD-003,ALM-NORTE,PURCHASE,17,22.0,ProveedorAlfa
MOV-00086,2024-01-16,PRD-008,ALM-CENTRAL,SALE,2,7.4,
MOV-00087,2024-01-17,PRD-008,ALM-NORTE,SALE,6,7.4,
MOV-00088,2024-01-17,PRD-020,ALM-CENTRAL,SALE,4,6.0,
MOV-00089,2024-01-17,PRD-019,ALM-SUR,SALE,5,32.0,
MOV-00090,2024-01-18,PRD-009,ALM-CENTRAL,SALE,3,14.2,
MOV-00091,2024-01-18,PRD-011,ALM-SUR,SALE,7,65.0,
MOV-00092,2024-01-18,PRD-005,ALM-SUR,PURCHASE,9,6.5,ProveedorDelta
MOV-00093,2024-01-18,PRD-011,ALM-NORTE,PURCHASE,9,65.0,ProveedorAlfa
MOV-00094,2024-01-18,PRD-015,ALM-CENTRAL,SALE,3,16.8,
MOV-00095,2024-01-18,PRD-004,ALM-NORTE,SALE,3,5.8,
MOV-00096,2024-01-18,PRD-017,ALM-SUR,SALE,3,38.0,
MOV-00097,2024-01-19,PRD-003,ALM-SUR,PURCHASE,1,22.0,ProveedorGamma
MOV-00098,2024-01-19,PRD-006,ALM-CENTRAL,SALE,4,3.2,
MOV-00099,2024-01-19,PRD-010,ALM-CENTRAL,SALE,3,28.0,
MOV-00100,2024-01-19,PRD-017,ALM-CENTRAL,SALE,1,38.0,
MOV-00101,2024-01-19,PRD-010,ALM-NORTE,ADJUSTMENT,4,28.0,
MOV-00102,2024-01-19,PRD-005,ALM-NORTE,SALE,6,6.5,
MOV-00103,2024-01-20,PRD-018,ALM-SUR,SALE,6,9.5,
MOV-00104,2024-01-20,PRD-020,ALM-SUR,SALE,3,6.0,
MOV-00105,2024-01-20,PRD-007,ALM-SUR,PURCHASE,16,95.0,ProveedorDelta
MOV-00106,2024-01-20,PRD-009,ALM-NORTE,PURCHASE,3,14.2,ProveedorAlfa
MOV-00107,2024-01-20,PRD-014,ALM-NORTE,PURCHASE,18,45.0,ProveedorAlfa
MOV-00108,2024-01-20,PRD-011,ALM-CENTRAL,PURCHASE,14,65.0,ProveedorGamma
MOV-00109,2024-01-21,PRD-006,ALM-CENTRAL,PURCHASE,2,3.2,ProveedorDelta
MOV-00110,2024-01-21,PRD-018,ALM-NORTE,SALE,6,9.5,
MOV-00111,2024-01-21,PRD-005,ALM-SUR,SALE,3,6.5,
MOV-00112,2024-01-21,PRD-019,ALM-SUR,SALE,5,32.0,
MOV-00113,2024-01-22,PRD-005,ALM-SUR,SALE,4,6.5,
MOV-00114,2024-01-22,PRD-002,ALM-NORTE,PURCHASE,1,8.3,ProveedorBeta
MOV-00115,2024-01-22,PRD-004,ALM-CENTRAL,SALE,4,5.8,
MOV-00116,2024-01-23,PRD-014,ALM-CENTRAL,ADJUSTMENT,6,45.0,
MOV-00117,2024-01-23,PRD-005,ALM-NORTE,PURCHASE,16,6.5,ProveedorBeta
MOV-00118,2024-01-23,PRD-006,ALM-NORTE,PURCHASE,8,3.2,ProveedorBeta
MOV-00119,2024-01-24,PRD-011,ALM-SUR,PURCHASE,17,65.0,ProveedorBeta
MOV-00120,2024-01-24,PRD-009,ALM-CENTRAL,SALE,1,14.2,
MOV-00121,2024-01-24,PRD-004,ALM-NORTE,SALE,4,5.8,
MOV-00122,2024-01-24,PRD-016,ALM-SUR,SALE,3,55.0,
MOV-00123,2024-01-24,PRD-012,ALM-NORTE,SALE,3,18.5,
MOV-00124,2024-01-25,PRD-008,ALM-NORTE,SALE,7,7.4,
MOV-00125,2024-01-25,PRD-013,ALM-NORTE,SALE,6,12.0,
MOV-00126,2024-01-25,PRD-009,ALM-CENTRAL,SALE,6,14.2,
MOV-00127,2024-01-25,PRD-013,ALM-CENTRAL,PURCHASE,6,12.0,ProveedorGamma
MOV-00128,2024-01-25,PRD-001,ALM-SUR,SALE,6,12.5,
MOV-00129,2024-01-25,PRD-006,ALM-SUR,SALE,5,3.2,
MOV-00130,2024-01-25,PRD-002,ALM-SUR,SALE,3,8.3,
MOV-00131,2024-01-25,PRD-012,ALM-SUR,PURCHASE,8,18.5,ProveedorDelta
MOV-00132,2024-01-26,PRD-020,ALM-NORTE,ADJUSTMENT,3,6.0,
MOV-00133,2024-01-26,PRD-013,ALM-NORTE,PURCHASE,2,12.0,ProveedorGamma
MOV-00134,2024-01-26,PRD-002,ALM-NORTE,PURCHASE,1,8.3,ProveedorBeta
MOV-00135,2024-01-26,PRD-012,ALM-CENTRAL,SALE,4,18.5,
MOV-00136,2024-01-26,PRD-011,ALM-CENTRAL,SALE,7,65.0,
MOV-00137,2024-01-27,PRD-004,ALM-SUR,PURCHASE,5,5.8,ProveedorGamma
MOV-00138,2024-01-27,PRD-014,ALM-CENTRAL,SALE,4,45.0,
MOV-00139,2024-01-27,PRD-010,ALM-NORTE,SALE,5,28.0,
MOV-00140,2024-01-28,PRD-014,ALM-SUR,PURCHASE,4,45.0,ProveedorBeta
MOV-00141,2024-01-28,PRD-020,ALM-SUR,SALE,3,6.0,
MOV-00142,2024-01-28,PRD-018,ALM-SUR,PURCHASE,17,9.5,ProveedorGamma
MOV-00143,2024-01-28,PRD-007,ALM-CENTRAL,SALE,1,95.0,
MOV-00144,2024-01-28,PRD-020,ALM-SUR,PURCHASE,12,6.0,ProveedorDelta
MOV-00145,2024-01-29,PRD-015,ALM-CENTRAL,PURCHASE,14,16.8,ProveedorDelta
MOV-00146,2024-01-29,PRD-006,ALM-SUR,PURCHASE,6,3.2,ProveedorGamma
MOV-00147,2024-01-29,PRD-003,ALM-NORTE,PURCHASE,3,22.0,ProveedorGamma
MOV-00148,2024-01-29,PRD-008,ALM-NORTE,PURCHASE,9,7.4,ProveedorAlfa
MOV-00149,2024-01-29,PRD-002,ALM-SUR,SALE,5,8.3,
MOV-00150,2024-01-29,PRD-020,ALM-NORTE,PURCHASE,17,6.0,ProveedorDelta
MOV-00151,2024-01-30,PRD-014,ALM-CENTRAL,PURCHASE,3,45.0,ProveedorBeta
MOV-00152,2024-01-30,PRD-013,ALM-NORTE,SALE,4,12.0,
MOV-00153,2024-01-30,PRD-005,ALM-NORTE,PURCHASE,1,6.5,ProveedorAlfa
MOV-00154,2024-01-30,PRD-014,ALM-CENTRAL,SALE,4,45.0,
MOV-00155,2024-01-30,PRD-017,ALM-CENTRAL,SALE,7,38.0,
MOV-00156,2024-01-30,PRD-008,ALM-NORTE,PURCHASE,1,7.4,ProveedorDelta
MOV-00157,2024-01-30,PRD-005,ALM-CENTRAL,PURCHASE,3,6.5,ProveedorGamma
MOV-00158,2024-01-30,PRD-015,ALM-CENTRAL,SALE,2,16.8,
MOV-00159,2024-01-31,PRD-017,ALM-CENTRAL,SALE,2,38.0,
MOV-00160,2024-01-31,PRD-015,ALM-CENTRAL,PURCHASE,3,16.8,ProveedorDelta
MOV-00161,2024-01-31,PRD-015,ALM-NORTE,SALE,6,16.8,
MOV-00162,2024-02-01,PRD-009,ALM-CENTRAL,PURCHASE,15,14.2,ProveedorDelta
MOV-00163,2024-02-01,PRD-008,ALM-NORTE,SALE,6,7.4,
MOV-00164,2024-02-01,PRD-010,ALM-SUR,SALE,7,28.0,
MOV-00165,2024-02-01,PRD-011,ALM-NORTE,PURCHASE,2,65.0,ProveedorBeta
MOV-00166,2024-02-02,PRD-005,ALM-CENTRAL,SALE,2,6.5,
MOV-00167,2024-02-02,PRD-005,ALM-NORTE,PURCHASE,2,6.5,ProveedorDelta
MOV-00168,2024-02-02,PRD-014,ALM-SUR,SALE,2,45.0,
MOV-00169,2024-02-02,PRD-014,ALM-SUR,SALE,1,45.0,
MOV-00170,2024-02-02,PRD-013,ALM-CENTRAL,PURCHASE,8,12.0,ProveedorAlfa
MOV-00171,2024-02-03,PRD-019,ALM-NORTE,SALE,1,32.0,
MOV-00172,2024-02-03,PRD-012,ALM-SUR,SALE,3,18.5,
MOV-00173,2024-02-03,PRD-014,ALM-CENTRAL,SALE,6,45.0,
MOV-00174,2024-02-04,PRD-018,ALM-NORTE,PURCHASE,10,9.5,ProveedorDelta
MOV-00175,2024-02-04,PRD-008,ALM-SUR,SALE,7,7.4,
MOV-00176,2024-02-04,PRD-001,ALM-CENTRAL,SALE,2,12.5,
MOV-00177,2024-02-04,PRD-013,ALM-SUR,PURCHASE,3,12.0,ProveedorBeta
MOV-00178,2024-02-04,PRD-020,ALM-SUR,SALE,2,6.0,
MOV-00179,2024-02-04,PRD-019,ALM-NORTE,SALE,1,32.0,
MOV-00180,2024-02-04,PRD-003,ALM-NORTE,SALE,5,22.0,
MOV-00181,2024-02-05,PRD-015,ALM-SUR,SALE,2,16.8,
MOV-00182,2024-02-05,PRD-013,ALM-SUR,SALE,7,12.0,
MOV-00183,2024-02-05,PRD-011,ALM-SUR,SALE,1,65.0,
MOV-00184,2024-02-05,PRD-009,ALM-SUR,PURCHASE,4,14.2,ProveedorGamma
MOV-00185,2024-02-05,PRD-003,ALM-CENTRAL,SALE,5,22.0,
MOV-00186,2024-02-05,PRD-018,ALM-SUR,SALE,4,9.5,
MOV-00187,2024-02-06,PRD-008,ALM-CENTRAL,PURCHASE,8,7.4,ProveedorAlfa
MOV-00188,2024-02-06,PRD-001,ALM-NORTE,ADJUSTMENT,6,12.5,
MOV-00189,2024-02-06,PRD-001,ALM-NORTE,SALE,6,12.5,
MOV-00190,2024-02-07,PRD-005,ALM-NORTE,SALE,3,6.5,
MOV-00191,2024-02-07,PRD-019,ALM-SUR,ADJUSTMENT,7,32.0,
MOV-00192,2024-02-07,PRD-009,ALM-NORTE,PURCHASE,15,14.2,ProveedorAlfa
MOV-00193,2024-02-07,PRD-006,ALM-NORTE,ADJUSTMENT,4,3.2,
MOV-00194,2024-02-07,PRD-019,ALM-SUR,SALE,2,32.0,
MOV-00195,2024-02-07,PRD-019,ALM-SUR,PURCHASE,2,32.0,ProveedorDelta
MOV-00196,2024-02-08,PRD-007,ALM-CENTRAL,SALE,3,95.0,
MOV-00197,2024-02-08,PRD-008,ALM-SUR,SALE,1,7.4,
MOV-00198,2024-02-08,PRD-020,ALM-CENTRAL,PURCHASE,17,6.0,ProveedorAlfa
MOV-00199,2024-02-08,PRD-012,ALM-CENTRAL,SALE,4,18.5,
MOV-00200,2024-02-08,PRD-012,ALM-CENTRAL,SALE,2,18.5,
MOV-00201,2024-02-08,PRD-011,ALM-SUR,SALE,6,65.0,
MOV-00202,2024-02-08,PRD-016,ALM-SUR,SALE,7,55.0,
MOV-00203,2024-02-08,PRD-015,ALM-SUR,PURCHASE,11,16.8,ProveedorBeta
MOV-00204,2024-02-09,PRD-017,ALM-SUR,ADJUSTMENT,5,38.0,
MOV-00205,2024-02-09,PRD-020,ALM-CENTRAL,PURCHASE,1,6.0,ProveedorDelta
MOV-00206,2024-02-09,PRD-015,ALM-CENTRAL,SALE,5,16.8,
MOV-00207,2024-02-09,PRD-019,ALM-NORTE,SALE,4,32.0,
MOV-00208,2024-02-09,PRD-003,ALM-SUR,SALE,4,22.0,
MOV-00209,2024-02-09,PRD-008,ALM-CENTRAL,PURCHASE,12,7.4,ProveedorDelta
MOV-00210,2024-02-10,PRD-011,ALM-SUR,SALE,7,65.0,
MOV-00211,2024-02-10,PRD-006,ALM-SUR,SALE,4,3.2,
MOV-00212,2024-02-10,PRD-009,ALM-CENTRAL,SALE,6,14.2,
MOV-00213,2024-02-10,PRD-009,ALM-CENTRAL,SALE,5,14.2,
MOV-00214,2024-02-10,PRD-007,ALM-CENTRAL,SALE,4,95.0,
MOV-00215,2024-02-10,PRD-014,ALM-NORTE,SALE,6,45.0,
MOV-00216,2024-02-10,PRD-016,ALM-SUR,SALE,7,55.0,
MOV-00217,2024-02-11,PRD-015,ALM-NORTE,PURCHASE,8,16.8,ProveedorGamma
MOV-00218,2024-02-11,PRD-008,ALM-NORTE,SALE,4,7.4,
MOV-00219,2024-02-11,PRD-010,ALM-SUR,PURCHASE,16,28.0,ProveedorDelta
MOV-00220,2024-02-11,PRD-018,ALM-SUR,SALE,5,9.5,
MOV-00221,2024-02-11,PRD-018,ALM-CENTRAL,SALE,2,9.5,
MOV-00222,2024-02-12,PRD-015,ALM-SUR,SALE,2,16.8,
MOV-00223,2024-02-12,PRD-008,ALM-NORTE,SALE,6,7.4,
MOV-00224,2024-02-12,PRD-011,ALM-CENTRAL,SALE,3,65.0,
MOV-00225,2024-02-12,PRD-006,ALM-CENTRAL,SALE,1,3.2,
MOV-00226,2024-02-12,PRD-016,ALM-CENTRAL,SALE,7,55.0,
MOV-00227,2024-02-12,PRD-017,ALM-NORTE,SALE,3,38.0,
MOV-00228,2024-02-13,PRD-007,ALM-SUR,SALE,2,95.0,
MOV-00229,2024-02-13,PRD-006,ALM-CENTRAL,SALE,7,3.2,
MOV-00230,2024-02-13,PRD-018,ALM-NORTE,SALE,2,9.5,
MOV-00231,2024-02-13,PRD-002,ALM-CENTRAL,SALE,5,8.3,
MOV-00232,2024-02-13,PRD-005,ALM-SUR,SALE,2,6.5,
MOV-00233,2024-02-13,PRD-004,ALM-CENTRAL,PURCHASE,9,5.8,ProveedorGamma
MOV-00234,2024-02-14,PRD-016,ALM-SUR,SALE,5,55.0,
MOV-00235,2024-02-14,PRD-006,ALM-SUR,ADJUSTMENT,1,3.2,
MOV-00236,2024-02-14,PRD-016,ALM-NORTE,SALE,2,55.0,
MOV-00237,2024-02-14,PRD-013,ALM-CENTRAL,SALE,2,12.0,
MOV-00238,2024-02-14,PRD-002,ALM-CENTRAL,SALE,1,8.3,
MOV-00239,2024-02-14,PRD-010,ALM-NORTE,SALE,7,28.0,
MOV-00240,2024-02-15,PRD-004,ALM-SUR,SALE,6,5.8,
MOV-00241,2024-02-15,PRD-020,ALM-CENTRAL,SALE,6,6.0,
MOV-00242,2024-02-15,PRD-008,ALM-SUR,PURCHASE,16,7.4,ProveedorDelta
MOV-00243,2024-02-15,PRD-015,ALM-CENTRAL,SALE,1,16.8,
MOV-00244,2024-02-16,PRD-014,ALM-CENTRAL,SALE,5,45.0,
MOV-00245,2024-02-16,PRD-002,ALM-CENTRAL,SALE,1,8.3,
MOV-00246,2024-02-16,PRD-004,ALM-NORTE,ADJUSTMENT,5,5.8,
MOV-00247,2024-02-16,PRD-007,ALM-NORTE,SALE,7,95.0,
MOV-00248,2024-02-16,PRD-006,ALM-CENTRAL,SALE,7,3.2,
MOV-00249,2024-02-16,PRD-003,ALM-SUR,SALE,5,22.0,
MOV-00250,2024-02-16,PRD-015,ALM-SUR,PURCHASE,3,16.8,ProveedorGamma
MOV-00251,2024-02-17,PRD-002,ALM-CENTRAL,SALE,2,8.3,
MOV-00252,2024-02-17,PRD-010,ALM-SUR,PURCHASE,16,28.0,ProveedorAlfa
MOV-00253,2024-02-17,PRD-008,ALM-CENTRAL,PURCHASE,19,7.4,ProveedorBeta
MOV-00254,2024-02-17,PRD-014,ALM-NORTE,SALE,5,45.0,
MOV-00255,2024-02-17,PRD-005,ALM-NORTE,PURCHASE,14,6.5,ProveedorAlfa
MOV-00256,2024-02-17,PRD-002,ALM-SUR,SALE,4,8.3,
MOV-00257,2024-02-18,PRD-020,ALM-CENTRAL,PURCHASE,15,6.0,ProveedorGamma
MOV-00258,2024-02-18,PRD-015,ALM-CENTRAL,SALE,1,16.8,
MOV-00259,2024-02-18,PRD-010,ALM-SUR,PURCHASE,14,28.0,ProveedorDelta
MOV-00260,2024-02-18,PRD-015,ALM-NORTE,SALE,6,16.8,
MOV-00261,2024-02-18,PRD-014,ALM-CENTRAL,PURCHASE,5,45.0,ProveedorGamma
MOV-00262,2024-02-18,PRD-001,ALM-CENTRAL,SALE,4,12.5,
MOV-00263,2024-02-18,PRD-019,ALM-NORTE,SALE,2,32.0,
MOV-00264,2024-02-19,PRD-009,ALM-NORTE,SALE,5,14.2,
MOV-00265,2024-02-19,PRD-016,ALM-SUR,SALE,7,55.0,
MOV-00266,2024-02-19,PRD-009,ALM-CENTRAL,SALE,4,14.2,
MOV-00267,2024-02-19,PRD-014,ALM-SUR,SALE,1,45.0,
MOV-00268,2024-02-20,PRD-003,ALM-SUR,SALE,6,22.0,
MOV-00269,2024-02-20,PRD-011,ALM-NORTE,SALE,5,65.0,
MOV-00270,2024-02-20,PRD-006,ALM-CENTRAL,SALE,7,3.2,
MOV-00271,2024-02-20,PRD-016,ALM-SUR,SALE,2,55.0,
MOV-00272,2024-02-20,PRD-018,ALM-NORTE,SALE,2,9.5,
MOV-00273,2024-02-20,PRD-011,ALM-NORTE,SALE,6,65.0,
MOV-00274,2024-02-20,PRD-013,ALM-NORTE,PURCHASE,5,12.0,ProveedorDelta
MOV-00275,2024-02-20,PRD-014,ALM-CENTRAL,SALE,4,45.0,
MOV-00276,2024-02-21,PRD-012,ALM-SUR,SALE,4,18.5,
MOV-00277,2024-02-21,PRD-015,ALM-NORTE,PURCHASE,10,16.8,ProveedorGamma
MOV-00278,2024-02-21,PRD-018,ALM-SUR,SALE,2,9.5,
MOV-00279,2024-02-21,PRD-015,ALM-SUR,PURCHASE,19,16.8,ProveedorAlfa
MOV-00280,2024-02-22,PRD-001,ALM-CENTRAL,ADJUSTMENT,1,12.5,
MOV-00281,2024-02-22,PRD-008,ALM-SUR,PURCHASE,5,7.4,ProveedorAlfa
MOV-00282,2024-02-22,PRD-018,ALM-NORTE,SALE,5,9.5,
MOV-00283,2024-02-22,PRD-004,ALM-NORTE,SALE,4,5.8,
MOV-00284,2024-02-23,PRD-005,ALM-CENTRAL,SALE,1,6.5,
MOV-00285,2024-02-23,PRD-010,ALM-SUR,SALE,4,28.0,
MOV-00286,2024-02-23,PRD-014,ALM-SUR,PURCHASE,12,45.0,ProveedorBeta
MOV-00287,2024-02-23,PRD-015,ALM-SUR,SALE,2,16.8,
MOV-00288,2024-02-24,PRD-007,ALM-CENTRAL,PURCHASE,1,95.0,ProveedorBeta
MOV-00289,2024-02-24,PRD-003,ALM-SUR,SALE,1,22.0,
MOV-00290,2024-02-24,PRD-011,ALM-CENTRAL,ADJUSTMENT,5,65.0,
MOV-00291,2024-02-24,PRD-009,ALM-SUR,PURCHASE,19,14.2,ProveedorGamma
MOV-00292,2024-02-24,PRD-019,ALM-CENTRAL,SALE,3,32.0,
MOV-00293,2024-02-25,PRD-016,ALM-SUR,PURCHASE,12,55.0,ProveedorDelta
MOV-00294,2024-02-25,PRD-012,ALM-CENTRAL,SALE,3,18.5,
MOV-00295,2024-02-25,PRD-013,ALM-SUR,SALE,1,12.0,
MOV-00296,2024-02-25,PRD-007,ALM-NORTE,ADJUSTMENT,1,95.0,
MOV-00297,2024-02-25,PRD-019,ALM-SUR,SALE,2,32.0,
MOV-00298,2024-02-25,PRD-002,ALM-SUR,SALE,3,8.3,
MOV-00299,2024-02-25,PRD-013,ALM-CENTRAL,SALE,4,12.0,
MOV-00300,2024-02-26,PRD-005,ALM-NORTE,SALE,5,6.5,
MOV-00301,2024-02-26,PRD-005,ALM-CENTRAL,SALE,4,6.5,
MOV-00302,2024-02-26,PRD-011,ALM-SUR,PURCHASE,14,65.0,ProveedorAlfa
MOV-00303,2024-02-26,PRD-017,ALM-NORTE,PURCHASE,2,38.0,ProveedorBeta
MOV-00304,2024-02-26,PRD-014,ALM-NORTE,PURCHASE,19,45.0,ProveedorAlfa
MOV-00305,2024-02-26,PRD-016,ALM-SUR,PURCHASE,18,55.0,ProveedorGamma
MOV-00306,2024-02-26,PRD-020,ALM-CENTRAL,PURCHASE,3,6.0,ProveedorAlfa
MOV-00307,2024-02-27,PRD-011,ALM-CENTRAL,PURCHASE,8,65.0,ProveedorDelta
MOV-00308,2024-02-27,PRD-011,ALM-SUR,SALE,5,65.0,
MOV-00309,2024-02-27,PRD-018,ALM-NORTE,SALE,2,9.5,
MOV-00310,2024-02-28,PRD-008,ALM-SUR,SALE,2,7.4,
MOV-00311,2024-02-28,PRD-008,ALM-SUR,PURCHASE,2,7.4,ProveedorAlfa
MOV-00312,2024-02-28,PRD-004,ALM-CENTRAL,SALE,3,5.8,
MOV-00313,2024-02-28,PRD-010,ALM-NORTE,PURCHASE,9,28.0,ProveedorGamma
MOV-00314,2024-02-29,PRD-002,ALM-SUR,SALE,2,8.3,
MOV-00315,2024-02-29,PRD-014,ALM-CENTRAL,SALE,5,45.0,
MOV-00316,2024-02-29,PRD-014,ALM-NORTE,SALE,2,45.0,
MOV-00317,2024-02-29,PRD-006,ALM-CENTRAL,SALE,5,3.2,
MOV-00318,2024-02-29,PRD-013,ALM-NORTE,SALE,3,12.0,
MOV-00319,2024-02-29,PRD-016,ALM-NORTE,PURCHASE,4,55.0,ProveedorBeta
MOV-00320,2024-03-01,PRD-015,ALM-SUR,SALE,5,16.8,
MOV-00321,2024-03-01,PRD-009,ALM-SUR,PURCHASE,4,14.2,ProveedorGamma
MOV-00322,2024-03-01,PRD-018,ALM-SUR,SALE,2,9.5,
MOV-00323,2024-03-02,PRD-012,ALM-SUR,ADJUSTMENT,1,18.5,
MOV-00324,2024-03-02,PRD-014,ALM-SUR,PURCHASE,3,45.0,ProveedorGamma
MOV-00325,2024-03-02,PRD-007,ALM-SUR,ADJUSTMENT,1,95.0,
MOV-00326,2024-03-02,PRD-004,ALM-CENTRAL,SALE,3,5.8,
MOV-00327,2024-03-02,PRD-012,ALM-CENTRAL,SALE,4,18.5,
MOV-00328,2024-03-02,PRD-010,ALM-CENTRAL,SALE,2,28.0,
MOV-00329,2024-03-02,PRD-013,ALM-CENTRAL,SALE,1,12.0,
MOV-00330,2024-03-03,PRD-002,ALM-CENTRAL,PURCHASE,5,8.3,ProveedorDelta
MOV-00331,2024-03-03,PRD-010,ALM-NORTE,PURCHASE,12,28.0,ProveedorGamma
MOV-00332,2024-03-03,PRD-008,ALM-CENTRAL,SALE,1,7.4,
MOV-00333,2024-03-03,PRD-009,ALM-CENTRAL,PURCHASE,13,14.2,ProveedorBeta
MOV-00334,2024-03-03,PRD-004,ALM-CENTRAL,PURCHASE,3,5.8,ProveedorAlfa
MOV-00335,2024-03-03,PRD-010,ALM-NORTE,PURCHASE,9,28.0,ProveedorGamma
MOV-00336,2024-03-03,PRD-005,ALM-SUR,SALE,6,6.5,
MOV-00337,2024-03-03,PRD-011,ALM-NORTE,PURCHASE,17,65.0,ProveedorBeta
MOV-00338,2024-03-04,PRD-005,ALM-SUR,PURCHASE,16,6.5,ProveedorGamma
MOV-00339,2024-03-04,PRD-006,ALM-SUR,SALE,1,3.2,
MOV-00340,2024-03-04,PRD-010,ALM-SUR,PURCHASE,13,28.0,ProveedorAlfa
MOV-00341,2024-03-05,PRD-015,ALM-NORTE,ADJUSTMENT,3,16.8,
MOV-00342,2024-03-05,PRD-008,ALM-CENTRAL,PURCHASE,17,7.4,ProveedorDelta
MOV-00343,2024-03-05,PRD-018,ALM-SUR,SALE,4,9.5,
MOV-00344,2024-03-05,PRD-001,ALM-NORTE,SALE,4,12.5,
MOV-00345,2024-03-05,PRD-015,ALM-CENTRAL,SALE,5,16.8,
MOV-00346,2024-03-06,PRD-009,ALM-CENTRAL,SALE,3,14.2,
MOV-00347,2024-03-06,PRD-012,ALM-NORTE,SALE,4,18.5,
MOV-00348,2024-03-06,PRD-016,ALM-CENTRAL,SALE,1,55.0,
MOV-00349,2024-03-07,PRD-011,ALM-NORTE,PURCHASE,14,65.0,ProveedorAlfa
MOV-00350,2024-03-07,PRD-015,ALM-SUR,PURCHASE,19,16.8,ProveedorDelta
MOV-00351,2024-03-07,PRD-004,ALM-NORTE,SALE,2,5.8,
MOV-00352,2024-03-07,PRD-010,ALM-NORTE,ADJUSTMENT,7,28.0,
MOV-00353,2024-03-07,PRD-004,ALM-CENTRAL,SALE,5,5.8,
MOV-00354,2024-03-07,PRD-005,ALM-SUR,SALE,5,6.5,
MOV-00355,2024-03-08,PRD-018,ALM-CENTRAL,SALE,4,9.5,
MOV-00356,2024-03-08,PRD-005,ALM-CENTRAL,PURCHASE,4,6.5,ProveedorAlfa
MOV-00357,2024-03-08,PRD-016,ALM-SUR,SALE,5,55.0,
MOV-00358,2024-03-08,PRD-002,ALM-NORTE,PURCHASE,16,8.3,ProveedorDelta
MOV-00359,2024-03-08,PRD-015,ALM-SUR,ADJUSTMENT,1,16.8,
MOV-00360,2024-03-09,PRD-004,ALM-SUR,ADJUSTMENT,5,5.8,
MOV-00361,2024-03-09,PRD-018,ALM-CENTRAL,PURCHASE,10,9.5,ProveedorGamma
MOV-00362,2024-03-09,PRD-002,ALM-NORTE,SALE,2,8.3,
MOV-00363,2024-03-09,PRD-004,ALM-SUR,ADJUSTMENT,7,5.8,
MOV-00364,2024-03-09,PRD-003,ALM-CENTRAL,PURCHASE,14,22.0,ProveedorAlfa
MOV-00365,2024-03-09,PRD-002,ALM-NORTE,PURCHASE,5,8.3,ProveedorBeta
MOV-00366,2024-03-09,PRD-019,ALM-CENTRAL,SALE,3,32.0,
MOV-00367,2024-03-10,PRD-007,ALM-NORTE,SALE,3,95.0,
MOV-00368,2024-03-10,PRD-011,ALM-CENTRAL,PURCHASE,11,65.0,ProveedorAlfa
MOV-00369,2024-03-10,PRD-009,ALM-NORTE,PURCHASE,18,14.2,ProveedorBeta
MOV-00370,2024-03-10,PRD-018,ALM-NORTE,SALE,7,9.5,
MOV-00371,2024-03-10,PRD-004,ALM-NORTE,PURCHASE,12,5.8,ProveedorBeta
MOV-00372,2024-03-10,PRD-001,ALM-NORTE,SALE,1,12.5,
MOV-00373,2024-03-10,PRD-019,ALM-NORTE,SALE,2,32.0,
MOV-00374,2024-03-11,PRD-009,ALM-CENTRAL,SALE,4,14.2,
MOV-00375,2024-03-11,PRD-014,ALM-CENTRAL,SALE,1,45.0,
MOV-00376,2024-03-11,PRD-003,ALM-SUR,SALE,5,22.0,
MOV-00377,2024-03-11,PRD-017,ALM-SUR,SALE,6,38.0,
MOV-00378,2024-03-12,PRD-017,ALM-CENTRAL,SALE,5,38.0,
MOV-00379,2024-03-12,PRD-002,ALM-CENTRAL,PURCHASE,8,8.3,ProveedorGamma
MOV-00380,2024-03-12,PRD-015,ALM-NORTE,SALE,2,16.8,
MOV-00381,2024-03-12,PRD-002,ALM-SUR,ADJUSTMENT,1,8.3,
MOV-00382,2024-03-12,PRD-014,ALM-SUR,PURCHASE,18,45.0,ProveedorDelta
MOV-00383,2024-03-12,PRD-003,ALM-SUR,PURCHASE,2,22.0,ProveedorBeta
MOV-00384,2024-03-12,PRD-003,ALM-CENTRAL,SALE,5,22.0,
MOV-00385,2024-03-12,PRD-019,ALM-SUR,SALE,5,32.0,
MOV-00386,2024-03-13,PRD-013,ALM-CENTRAL,ADJUSTMENT,6,12.0,
MOV-00387,2024-03-13,PRD-010,ALM-CENTRAL,SALE,3,28.0,
MOV-00388,2024-03-13,PRD-014,ALM-CENTRAL,SALE,5,45.0,
MOV-00389,2024-03-13,PRD-004,ALM-CENTRAL,PURCHASE,1,5.8,ProveedorBeta
MOV-00390,2024-03-13,PRD-014,ALM-NORTE,SALE,6,45.0,
MOV-00391,2024-03-13,PRD-014,ALM-SUR,SALE,4,45.0,
MOV-00392,2024-03-13,PRD-013,ALM-NORTE,SALE,1,12.0,
MOV-00393,2024-03-14,PRD-011,ALM-CENTRAL,SALE,5,65.0,
MOV-00394,2024-03-14,PRD-009,ALM-NORTE,SALE,4,14.2,
MOV-00395,2024-03-14,PRD-016,ALM-NORTE,SALE,4,55.0,
MOV-00396,2024-03-15,PRD-003,ALM-CENTRAL,SALE,4,22.0,
MOV-00397,2024-03-15,PRD-012,ALM-CENTRAL,PURCHASE,19,18.5,ProveedorAlfa
MOV-00398,2024-03-15,PRD-019,ALM-CENTRAL,ADJUSTMENT,5,32.0,
MOV-00399,2024-03-15,PRD-011,ALM-SUR,PURCHASE,12,65.0,ProveedorGamma
MOV-00400,2024-03-15,PRD-014,ALM-CENTRAL,PURCHASE,7,45.0,ProveedorAlfa
MOV-00401,2024-03-15,PRD-010,ALM-SUR,SALE,3,28.0,
MOV-00402,2024-03-15,PRD-004,ALM-NORTE,SALE,2,5.8,
MOV-00403,2024-03-15,PRD-005,ALM-NORTE,PURCHASE,19,6.5,ProveedorAlfa
MOV-00404,2024-03-16,PRD-012,ALM-SUR,PURCHASE,3,18.5,ProveedorAlfa
MOV-00405,2024-03-16,PRD-009,ALM-SUR,SALE,5,14.2,
MOV-00406,2024-03-16,PRD-018,ALM-CENTRAL,ADJUSTMENT,5,9.5,
MOV-00407,2024-03-16,PRD-020,ALM-CENTRAL,PURCHASE,18,6.0,ProveedorAlfa
MOV-00408,2024-03-16,PRD-020,ALM-CENTRAL,PURCHASE,8,6.0,ProveedorGamma
MOV-00409,2024-03-16,PRD-001,ALM-CENTRAL,SALE,5,12.5,
MOV-00410,2024-03-16,PRD-010,ALM-SUR,PURCHASE,9,28.0,ProveedorAlfa
MOV-00411,2024-03-16,PRD-006,ALM-CENTRAL,PURCHASE,7,3.2,ProveedorDelta
MOV-00412,2024-03-17,PRD-003,ALM-CENTRAL,SALE,3,22.0,
MOV-00413,2024-03-17,PRD-001,ALM-CENTRAL,SALE,5,12.5,
MOV-00414,2024-03-17,PRD-007,ALM-SUR,SALE,4,95.0,
MOV-00415,2024-03-18,PRD-011,ALM-SUR,SALE,1,65.0,
MOV-00416,2024-03-18,PRD-011,ALM-CENTRAL,PURCHASE,17,65.0,ProveedorAlfa
MOV-00417,2024-03-18,PRD-002,ALM-CENTRAL,SALE,1,8.3,
MOV-00418,2024-03-18,PRD-002,ALM-SUR,PURCHASE,1,8.3,ProveedorDelta
MOV-00419,2024-03-18,PRD-014,ALM-SUR,SALE,6,45.0,
MOV-00420,2024-03-18,PRD-014,ALM-CENTRAL,SALE,5,45.0,
MOV-00421,2024-03-18,PRD-004,ALM-NORTE,SALE,6,5.8,
MOV-00422,2024-03-18,PRD-010,ALM-CENTRAL,PURCHASE,12,28.0,ProveedorDelta
MOV-00423,2024-03-19,PRD-017,ALM-NORTE,PURCHASE,13,38.0,ProveedorBeta
MOV-00424,2024-03-19,PRD-013,ALM-NORTE,ADJUSTMENT,5,12.0,
MOV-00425,2024-03-19,PRD-001,ALM-NORTE,SALE,7,12.5,
MOV-00426,2024-03-19,PRD-005,ALM-SUR,PURCHASE,16,6.5,ProveedorGamma
MOV-00427,2024-03-19,PRD-004,ALM-CENTRAL,SALE,6,5.8,
MOV-00428,2024-03-19,PRD-014,ALM-SUR,SALE,5,45.0,
MOV-00429,2024-03-19,PRD-018,ALM-CENTRAL,PURCHASE,11,9.5,ProveedorGamma
MOV-00430,2024-03-20,PRD-003,ALM-CENTRAL,SALE,5,22.0,
MOV-00431,2024-03-20,PRD-002,ALM-SUR,SALE,4,8.3,
MOV-00432,2024-03-20,PRD-003,ALM-CENTRAL,PURCHASE,3,22.0,ProveedorDelta
MOV-00433,2024-03-20,PRD-019,ALM-CENTRAL,SALE,3,32.0,
MOV-00434,2024-03-20,PRD-014,ALM-SUR,SALE,4,45.0,
MOV-00435,2024-03-20,PRD-001,ALM-NORTE,ADJUSTMENT,1,12.5,
MOV-00436,2024-03-21,PRD-020,ALM-CENTRAL,SALE,7,6.0,
MOV-00437,2024-03-21,PRD-012,ALM-NORTE,SALE,1,18.5,
MOV-00438,2024-03-21,PRD-008,ALM-SUR,SALE,1,7.4,
MOV-00439,2024-03-21,PRD-017,ALM-SUR,SALE,6,38.0,
MOV-00440,2024-03-22,PRD-011,ALM-NORTE,SALE,5,65.0,
MOV-00441,2024-03-22,PRD-003,ALM-NORTE,SALE,6,22.0,
MOV-00442,2024-03-22,PRD-017,ALM-SUR,SALE,6,38.0,
MOV-00443,2024-03-23,PRD-012,ALM-CENTRAL,PURCHASE,16,18.5,ProveedorBeta
MOV-00444,2024-03-23,PRD-008,ALM-SUR,SALE,7,7.4,
MOV-00445,2024-03-23,PRD-007,ALM-NORTE,SALE,1,95.0,
MOV-00446,2024-03-23,PRD-003,ALM-CENTRAL,SALE,3,22.0,
MOV-00447,2024-03-23,PRD-016,ALM-CENTRAL,SALE,4,55.0,
MOV-00448,2024-03-24,PRD-019,ALM-CENTRAL,SALE,6,32.0,
MOV-00449,2024-03-24,PRD-020,ALM-CENTRAL,SALE,4,6.0,
MOV-00450,2024-03-24,PRD-011,ALM-NORTE,SALE,4,65.0,
MOV-00451,2024-03-24,PRD-016,ALM-SUR,SALE,5,55.0,
MOV-00452,2024-03-25,PRD-009,ALM-SUR,SALE,4,14.2,
MOV-00453,2024-03-25,PRD-017,ALM-SUR,SALE,4,38.0,
MOV-00454,2024-03-25,PRD-015,ALM-SUR,SALE,2,16.8,
MOV-00455,2024-03-25,PRD-010,ALM-NORTE,SALE,2,28.0,
MOV-00456,2024-03-26,PRD-020,ALM-SUR,SALE,2,6.0,
MOV-00457,2024-03-26,PRD-015,ALM-CENTRAL,SALE,4,16.8,
MOV-00458,2024-03-26,PRD-002,ALM-CENTRAL,SALE,4,8.3,
MOV-00459,2024-03-26,PRD-007,ALM-SUR,SALE,5,95.0,
MOV-00460,2024-03-26,PRD-017,ALM-NORTE,SALE,1,38.0,
MOV-00461,2024-03-26,PRD-015,ALM-SUR,SALE,4,16.8,
MOV-00462,2024-03-27,PRD-003,ALM-NORTE,SALE,6,22.0,
MOV-00463,2024-03-27,PRD-002,ALM-SUR,SALE,7,8.3,
MOV-00464,2024-03-27,PRD-015,ALM-CENTRAL,SALE,1,16.8,
MOV-00465,2024-03-27,PRD-006,ALM-SUR,SALE,1,3.2,
MOV-00466,2024-03-27,PRD-013,ALM-SUR,SALE,1,12.0,
MOV-00467,2024-03-28,PRD-020,ALM-CENTRAL,SALE,4,6.0,
MOV-00468,2024-03-28,PRD-011,ALM-NORTE,SALE,5,65.0,
MOV-00469,2024-03-28,PRD-018,ALM-SUR,PURCHASE,16,9.5,ProveedorGamma
MOV-00470,2024-03-28,PRD-020,ALM-SUR,PURCHASE,13,6.0,ProveedorAlfa
MOV-00471,2024-03-28,PRD-019,ALM-SUR,PURCHASE,14,32.0,ProveedorGamma
MOV-00472,2024-03-28,PRD-013,ALM-CENTRAL,SALE,3,12.0,
MOV-00473,2024-03-28,PRD-003,ALM-SUR,SALE,5,22.0,
MOV-00474,2024-03-29,PRD-011,ALM-CENTRAL,PURCHASE,18,65.0,ProveedorAlfa
MOV-00475,2024-03-29,PRD-014,ALM-NORTE,SALE,3,45.0,
MOV-00476,2024-03-29,PRD-012,ALM-NORTE,SALE,5,18.5,
MOV-00477,2024-03-29,PRD-011,ALM-SUR,ADJUSTMENT,7,65.0,
MOV-00478,2024-03-29,PRD-007,ALM-NORTE,SALE,1,95.0,
MOV-00479,2024-03-29,PRD-005,ALM-NORTE,SALE,2,6.5,
MOV-00480,2024-03-29,PRD-017,ALM-CENTRAL,PURCHASE,10,38.0,ProveedorAlfa
MOV-00481,2024-03-29,PRD-011,ALM-CENTRAL,PURCHASE,18,65.0,ProveedorBeta
MOV-00482,2024-03-30,PRD-020,ALM-NORTE,SALE,5,6.0,
MOV-00483,2024-03-30,PRD-006,ALM-CENTRAL,PURCHASE,5,3.2,ProveedorBeta
MOV-00484,2024-03-30,PRD-015,ALM-SUR,SALE,7,16.8,
MOV-00485,2024-03-30,PRD-008,ALM-CENTRAL,ADJUSTMENT,1,7.4,
MOV-00486,2024-03-30,PRD-010,ALM-SUR,PURCHASE,1,28.0,ProveedorBeta
MOV-00487,2024-03-31,PRD-018,ALM-SUR,SALE,7,9.5,
MOV-00488,2024-03-31,PRD-007,ALM-CENTRAL,SALE,1,95.0,
MOV-00489,2024-03-31,PRD-015,ALM-SUR,SALE,3,16.8,
MOV-00490,2024-03-31,PRD-013,ALM-SUR,SALE,5,12.0,
MOV-00491,2024-04-01,PRD-006,ALM-CENTRAL,PURCHASE,17,3.2,ProveedorBeta
MOV-00492,2024-04-01,PRD-009,ALM-SUR,SALE,5,14.2,
MOV-00493,2024-04-01,PRD-012,ALM-NORTE,SALE,1,18.5,
MOV-00494,2024-04-01,PRD-017,ALM-SUR,PURCHASE,2,38.0,ProveedorAlfa
MOV-00495,2024-04-02,PRD-006,ALM-CENTRAL,SALE,3,3.2,
MOV-00496,2024-04-02,PRD-005,ALM-NORTE,PURCHASE,1,6.5,ProveedorBeta
MOV-00497,2024-04-02,PRD-015,ALM-NORTE,PURCHASE,16,16.8,ProveedorDelta
MOV-00498,2024-04-03,PRD-002,ALM-SUR,SALE,4,8.3,
MOV-00499,2024-04-03,PRD-008,ALM-NORTE,SALE,1,7.4,
MOV-00500,2024-04-03,PRD-012,ALM-SUR,SALE,5,18.5,
MOV-00501,2024-04-03,PRD-004,ALM-CENTRAL,PURCHASE,5,5.8,ProveedorGamma
MOV-00502,2024-04-03,PRD-005,ALM-SUR,SALE,6,6.5,
MOV-00503,2024-04-03,PRD-016,ALM-NORTE,PURCHASE,3,55.0,ProveedorDelta
MOV-00504,2024-04-03,PRD-015,ALM-NORTE,SALE,5,16.8,
MOV-00505,2024-04-03,PRD-001,ALM-NORTE,SALE,7,12.5,
MOV-00506,2024-04-04,PRD-018,ALM-CENTRAL,ADJUSTMENT,5,9.5,
MOV-00507,2024-04-04,PRD-017,ALM-SUR,SALE,5,38.0,
MOV-00508,2024-04-04,PRD-008,ALM-NORTE,SALE,2,7.4,
MOV-00509,2024-04-04,PRD-008,ALM-CENTRAL,SALE,2,7.4,
MOV-00510,2024-04-04,PRD-015,ALM-SUR,SALE,3,16.8,
MOV-00511,2024-04-04,PRD-020,ALM-CENTRAL,SALE,1,6.0,
MOV-00512,2024-04-04,PRD-017,ALM-CENTRAL,SALE,5,38.0,
MOV-00513,2024-04-05,PRD-005,ALM-NORTE,SALE,1,6.5,
MOV-00514,2024-04-05,PRD-020,ALM-CENTRAL,SALE,6,6.0,
MOV-00515,2024-04-05,PRD-014,ALM-CENTRAL,SALE,1,45.0,
MOV-00516,2024-04-05,PRD-003,ALM-SUR,SALE,3,22.0,
MOV-00517,2024-04-05,PRD-003,ALM-CENTRAL,ADJUSTMENT,5,22.0,
MOV-00518,2024-04-05,PRD-017,ALM-CENTRAL,PURCHASE,13,38.0,ProveedorAlfa
MOV-00519,2024-04-05,PRD-013,ALM-NORTE,PURCHASE,4,12.0,ProveedorDelta
MOV-00520,2024-04-05,PRD-012,ALM-NORTE,SALE,6,18.5,
MOV-00521,2024-04-06,PRD-012,ALM-SUR,PURCHASE,17,18.5,ProveedorBeta
MOV-00522,2024-04-06,PRD-004,ALM-CENTRAL,PURCHASE,8,5.8,ProveedorGamma
MOV-00523,2024-04-06,PRD-005,ALM-CENTRAL,SALE,2,6.5,
MOV-00524,2024-04-07,PRD-011,ALM-NORTE,PURCHASE,8,65.0,ProveedorDelta
MOV-00525,2024-04-07,PRD-016,ALM-NORTE,SALE,7,55.0,
MOV-00526,2024-04-07,PRD-003,ALM-SUR,PURCHASE,2,22.0,ProveedorAlfa
MOV-00527,2024-04-07,PRD-010,ALM-NORTE,SALE,6,28.0,
MOV-00528,2024-04-07,PRD-002,ALM-SUR,SALE,6,8.3,
MOV-00529,2024-04-07,PRD-017,ALM-CENTRAL,SALE,3,38.0,
MOV-00530,2024-04-08,PRD-016,ALM-CENTRAL,SALE,2,55.0,
MOV-00531,2024-04-08,PRD-007,ALM-NORTE,SALE,4,95.0,
MOV-00532,2024-04-08,PRD-011,ALM-SUR,SALE,1,65.0,
MOV-00533,2024-04-08,PRD-014,ALM-CENTRAL,PURCHASE,12,45.0,ProveedorDelta
MOV-00534,2024-04-08,PRD-013,ALM-NORTE,SALE,5,12.0,
MOV-00535,2024-04-09,PRD-016,ALM-SUR,PURCHASE,17,55.0,ProveedorGamma
MOV-00536,2024-04-09,PRD-003,ALM-NORTE,PURCHASE,16,22.0,ProveedorDelta
MOV-00537,2024-04-09,PRD-020,ALM-NORTE,ADJUSTMENT,7,6.0,
MOV-00538,2024-04-09,PRD-018,ALM-NORTE,SALE,7,9.5,
MOV-00539,2024-04-09,PRD-003,ALM-SUR,SALE,7,22.0,
MOV-00540,2024-04-09,PRD-010,ALM-CENTRAL,SALE,7,28.0,
MOV-00541,2024-04-09,PRD-014,ALM-SUR,SALE,5,45.0,
MOV-00542,2024-04-09,PRD-012,ALM-CENTRAL,SALE,5,18.5,
MOV-00543,2024-04-10,PRD-012,ALM-SUR,SALE,2,18.5,
MOV-00544,2024-04-10,PRD-009,ALM-NORTE,SALE,3,14.2,
MOV-00545,2024-04-10,PRD-003,ALM-SUR,PURCHASE,19,22.0,ProveedorGamma
MOV-00546,2024-04-10,PRD-017,ALM-CENTRAL,PURCHASE,7,38.0,ProveedorBeta
MOV-00547,2024-04-10,PRD-001,ALM-CENTRAL,SALE,6,12.5,
MOV-00548,2024-04-10,PRD-015,ALM-NORTE,SALE,4,16.8,
MOV-00549,2024-04-10,PRD-008,ALM-SUR,PURCHASE,2,7.4,ProveedorGamma
MOV-00550,2024-04-10,PRD-013,ALM-NORTE,ADJUSTMENT,6,12.0,
MOV-00551,2024-04-11,PRD-020,ALM-SUR,SALE,2,6.0,
MOV-00552,2024-04-11,PRD-012,ALM-NORTE,SALE,2,18.5,
MOV-00553,2024-04-11,PRD-019,ALM-SUR,SALE,6,32.0,
MOV-00554,2024-04-11,PRD-013,ALM-SUR,SALE,7,12.0,
MOV-00555,2024-04-12,PRD-008,ALM-NORTE,ADJUSTMENT,3,7.4,
MOV-00556,2024-04-12,PRD-006,ALM-SUR,SALE,7,3.2,
MOV-00557,2024-04-12,PRD-018,ALM-SUR,SALE,2,9.5,
MOV-00558,2024-04-12,PRD-015,ALM-CENTRAL,SALE,4,16.8,
MOV-00559,2024-04-12,PRD-010,ALM-SUR,PURCHASE,6,28.0,ProveedorBeta
MOV-00560,2024-04-13,PRD-004,ALM-NORTE,SALE,7,5.8,
MOV-00561,2024-04-13,PRD-015,ALM-CENTRAL,SALE,4,16.8,
MOV-00562,2024-04-13,PRD-015,ALM-CENTRAL,ADJUSTMENT,6,16.8,
MOV-00563,2024-04-14,PRD-011,ALM-CENTRAL,PURCHASE,19,65.0,ProveedorAlfa
MOV-00564,2024-04-14,PRD-018,ALM-SUR,SALE,1,9.5,
MOV-00565,2024-04-14,PRD-006,ALM-CENTRAL,PURCHASE,5,3.2,ProveedorBeta
MOV-00566,2024-04-14,PRD-012,ALM-NORTE,SALE,5,18.5,
MOV-00567,2024-04-15,PRD-007,ALM-NORTE,PURCHASE,10,95.0,ProveedorDelta
MOV-00568,2024-04-15,PRD-001,ALM-CENTRAL,SALE,1,12.5,
MOV-00569,2024-04-15,PRD-012,ALM-CENTRAL,SALE,2,18.5,
MOV-00570,2024-04-15,PRD-005,ALM-NORTE,SALE,1,6.5,
MOV-00571,2024-04-15,PRD-003,ALM-CENTRAL,SALE,4,22.0,
MOV-00572,2024-04-15,PRD-016,ALM-SUR,SALE,4,55.0,
MOV-00573,2024-04-16,PRD-019,ALM-SUR,SALE,2,32.0,
MOV-00574,2024-04-16,PRD-003,ALM-CENTRAL,SALE,6,22.0,
MOV-00575,2024-04-16,PRD-017,ALM-CENTRAL,SALE,5,38.0,
MOV-00576,2024-04-16,PRD-019,ALM-NORTE,SALE,2,32.0,
MOV-00577,2024-04-16,PRD-014,ALM-NORTE,SALE,5,45.0,
MOV-00578,2024-04-16,PRD-004,ALM-SUR,SALE,6,5.8,
MOV-00579,2024-04-16,PRD-006,ALM-CENTRAL,SALE,3,3.2,
MOV-00580,2024-04-17,PRD-008,ALM-CENTRAL,SALE,3,7.4,
MOV-00581,2024-04-17,PRD-010,ALM-SUR,PURCHASE,19,28.0,ProveedorBeta
MOV-00582,2024-04-17,PRD-018,ALM-CENTRAL,SALE,7,9.5,
MOV-00583,2024-04-17,PRD-010,ALM-NORTE,SALE,1,28.0,
MOV-00584,2024-04-17,PRD-017,ALM-CENTRAL,SALE,7,38.0,
MOV-00585,2024-04-18,PRD-019,ALM-CENTRAL,SALE,6,32.0,
MOV-00586,2024-04-18,PRD-020,ALM-CENTRAL,PURCHASE,16,6.0,ProveedorGamma
MOV-00587,2024-04-18,PRD-019,ALM-NORTE,SALE,4,32.0,
MOV-00588,2024-04-18,PRD-003,ALM-CENTRAL,SALE,4,22.0,
MOV-00589,2024-04-18,PRD-019,ALM-NORTE,SALE,1,32.0,
MOV-00590,2024-04-19,PRD-019,ALM-CENTRAL,SALE,3,32.0,
MOV-00591,2024-04-19,PRD-001,ALM-CENTRAL,SALE,3,12.5,
MOV-00592,2024-04-19,PRD-018,ALM-SUR,SALE,5,9.5,
MOV-00593,2024-04-19,PRD-016,ALM-CENTRAL,SALE,2,55.0,
MOV-00594,2024-04-19,PRD-013,ALM-NORTE,SALE,5,12.0,
MOV-00595,2024-04-20,PRD-002,ALM-SUR,SALE,3,8.3,
MOV-00596,2024-04-20,PRD-016,ALM-SUR,SALE,3,55.0,
MOV-00597,2024-04-20,PRD-020,ALM-CENTRAL,SALE,5,6.0,
MOV-00598,2024-04-20,PRD-011,ALM-SUR,PURCHASE,5,65.0,ProveedorDelta
MOV-00599,2024-04-21,PRD-005,ALM-CENTRAL,PURCHASE,10,6.5,ProveedorAlfa
MOV-00600,2024-04-21,PRD-011,ALM-NORTE,SALE,5,65.0,
MOV-00601,2024-04-21,PRD-009,ALM-NORTE,SALE,6,14.2,
MOV-00602,2024-04-21,PRD-004,ALM-SUR,SALE,5,5.8,
MOV-00603,2024-04-22,PRD-020,ALM-NORTE,SALE,1,6.0,
MOV-00604,2024-04-22,PRD-011,ALM-CENTRAL,ADJUSTMENT,5,65.0,
MOV-00605,2024-04-22,PRD-011,ALM-NORTE,SALE,1,65.0,
MOV-00606,2024-04-22,PRD-016,ALM-SUR,ADJUSTMENT,4,55.0,
MOV-00607,2024-04-22,PRD-016,ALM-SUR,PURCHASE,14,55.0,ProveedorAlfa
MOV-00608,2024-04-22,PRD-003,ALM-CENTRAL,ADJUSTMENT,2,22.0,
MOV-00609,2024-04-22,PRD-015,ALM-NORTE,ADJUSTMENT,1,16.8,
MOV-00610,2024-04-22,PRD-019,ALM-NORTE,SALE,6,32.0,
MOV-00611,2024-04-23,PRD-010,ALM-CENTRAL,SALE,5,28.0,
MOV-00612,2024-04-23,PRD-016,ALM-NORTE,SALE,3,55.0,
MOV-00613,2024-04-23,PRD-004,ALM-SUR,SALE,1,5.8,
MOV-00614,2024-04-23,PRD-012,ALM-SUR,PURCHASE,15,18.5,ProveedorAlfa
MOV-00615,2024-04-24,PRD-013,ALM-CENTRAL,SALE,6,12.0,
MOV-00616,2024-04-24,PRD-007,ALM-SUR,SALE,7,95.0,
MOV-00617,2024-04-24,PRD-003,ALM-SUR,SALE,6,22.0,
MOV-00618,2024-04-25,PRD-018,ALM-CENTRAL,SALE,7,9.5,
MOV-00619,2024-04-25,PRD-020,ALM-NORTE,SALE,5,6.0,
MOV-00620,2024-04-25,PRD-013,ALM-SUR,SALE,1,12.0,
MOV-00621,2024-04-25,PRD-018,ALM-NORTE,ADJUSTMENT,2,9.5,
MOV-00622,2024-04-25,PRD-007,ALM-SUR,SALE,4,95.0,
MOV-00623,2024-04-26,PRD-017,ALM-NORTE,SALE,1,38.0,
MOV-00624,2024-04-26,PRD-005,ALM-SUR,PURCHASE,3,6.5,ProveedorDelta
MOV-00625,2024-04-26,PRD-005,ALM-CENTRAL,SALE,5,6.5,
MOV-00626,2024-04-27,PRD-005,ALM-CENTRAL,SALE,7,6.5,
MOV-00627,2024-04-27,PRD-011,ALM-CENTRAL,SALE,7,65.0,
MOV-00628,2024-04-27,PRD-010,ALM-CENTRAL,SALE,7,28.0,
MOV-00629,2024-04-27,PRD-017,ALM-CENTRAL,SALE,6,38.0,
MOV-00630,2024-04-27,PRD-019,ALM-NORTE,SALE,6,32.0,
MOV-00631,2024-04-27,PRD-012,ALM-NORTE,SALE,2,18.5,
MOV-00632,2024-04-28,PRD-014,ALM-CENTRAL,SALE,7,45.0,
MOV-00633,2024-04-28,PRD-001,ALM-SUR,SALE,6,12.5,
MOV-00634,2024-04-28,PRD-019,ALM-CENTRAL,SALE,2,32.0,
MOV-00635,2024-04-28,PRD-002,ALM-NORTE,SALE,5,8.3,
MOV-00636,2024-04-28,PRD-017,ALM-CENTRAL,SALE,2,38.0,
MOV-00637,2024-04-28,PRD-013,ALM-CENTRAL,SALE,6,12.0,
MOV-00638,2024-04-29,PRD-008,ALM-CENTRAL,SALE,3,7.4,
MOV-00639,2024-04-29,PRD-004,ALM-SUR,SALE,7,5.8,
MOV-00640,2024-04-29,PRD-011,ALM-SUR,SALE,3,65.0,
MOV-00641,2024-04-29,PRD-007,ALM-CENTRAL,SALE,7,95.0,
MOV-00642,2024-04-29,PRD-016,ALM-CENTRAL,PURCHASE,14,55.0,ProveedorAlfa
MOV-00643,2024-04-30,PRD-005,ALM-CENTRAL,SALE,7,6.5,
MOV-00644,2024-04-30,PRD-011,ALM-SUR,ADJUSTMENT,4,65.0,
MOV-00645,2024-04-30,PRD-017,ALM-NORTE,SALE,5,38.0,
MOV-00646,2024-04-30,PRD-015,ALM-SUR,PURCHASE,18,16.8,ProveedorGamma
MOV-00647,2024-04-30,PRD-009,ALM-NORTE,SALE,2,14.2,
MOV-00648,2024-05-01,PRD-008,ALM-SUR,SALE,3,7.4,
MOV-00649,2024-05-01,PRD-008,ALM-SUR,ADJUSTMENT,3,7.4,
MOV-00650,2024-05-01,PRD-010,ALM-CENTRAL,PURCHASE,15,28.0,ProveedorDelta
MOV-00651,2024-05-01,PRD-011,ALM-CENTRAL,SALE,1,65.0,
MOV-00652,2024-05-01,PRD-009,ALM-CENTRAL,SALE,7,14.2,
MOV-00653,2024-05-01,PRD-018,ALM-SUR,SALE,5,9.5,
MOV-00654,2024-05-01,PRD-012,ALM-NORTE,ADJUSTMENT,4,18.5,
MOV-00655,2024-05-01,PRD-010,ALM-CENTRAL,SALE,2,28.0,
MOV-00656,2024-05-02,PRD-003,ALM-SUR,SALE,1,22.0,
MOV-00657,2024-05-02,PRD-009,ALM-NORTE,PURCHASE,7,14.2,ProveedorBeta
MOV-00658,2024-05-02,PRD-018,ALM-CENTRAL,SALE,6,9.5,
MOV-00659,2024-05-03,PRD-009,ALM-CENTRAL,SALE,6,14.2,
MOV-00660,2024-05-03,PRD-019,ALM-NORTE,SALE,4,32.0,
MOV-00661,2024-05-03,PRD-017,ALM-NORTE,SALE,1,38.0,
MOV-00662,2024-05-03,PRD-002,ALM-SUR,SALE,1,8.3,
MOV-00663,2024-05-04,PRD-016,ALM-NORTE,SALE,4,55.0,
MOV-00664,2024-05-04,PRD-001,ALM-NORTE,ADJUSTMENT,1,12.5,
MOV-00665,2024-05-04,PRD-014,ALM-SUR,PURCHASE,4,45.0,ProveedorDelta
MOV-00666,2024-05-04,PRD-007,ALM-SUR,PURCHASE,10,95.0,ProveedorGamma
MOV-00667,2024-05-04,PRD-010,ALM-NORTE,SALE,3,28.0,
MOV-00668,2024-05-04,PRD-019,ALM-CENTRAL,SALE,1,32.0,
MOV-00669,2024-05-04,PRD-002,ALM-NORTE,PURCHASE,13,8.3,ProveedorDelta
MOV-00670,2024-05-05,PRD-006,ALM-NORTE,ADJUSTMENT,7,3.2,
MOV-00671,2024-05-05,PRD-013,ALM-NORTE,PURCHASE,4,12.0,ProveedorGamma
MOV-00672,2024-05-05,PRD-002,ALM-CENTRAL,SALE,7,8.3,
MOV-00673,2024-05-05,PRD-020,ALM-SUR,SALE,6,6.0,
MOV-00674,2024-05-06,PRD-010,ALM-CENTRAL,SALE,7,28.0,
MOV-00675,2024-05-06,PRD-018,ALM-NORTE,SALE,1,9.5,
MOV-00676,2024-05-06,PRD-017,ALM-NORTE,SALE,4,38.0,
MOV-00677,2024-05-06,PRD-004,ALM-CENTRAL,SALE,3,5.8,
MOV-00678,2024-05-07,PRD-015,ALM-CENTRAL,SALE,1,16.8,
MOV-00679,2024-05-07,PRD-006,ALM-SUR,SALE,5,3.2,
MOV-00680,2024-05-07,PRD-010,ALM-NORTE,SALE,6,28.0,
MOV-00681,2024-05-07,PRD-006,ALM-CENTRAL,SALE,4,3.2,
MOV-00682,2024-05-08,PRD-013,ALM-CENTRAL,PURCHASE,2,12.0,ProveedorGamma
MOV-00683,2024-05-08,PRD-003,ALM-NORTE,SALE,3,22.0,
MOV-00684,2024-05-08,PRD-006,ALM-SUR,ADJUSTMENT,3,3.2,
MOV-00685,2024-05-08,PRD-011,ALM-NORTE,ADJUSTMENT,5,65.0,
MOV-00686,2024-05-09,PRD-009,ALM-SUR,SALE,5,14.2,
MOV-00687,2024-05-09,PRD-009,ALM-SUR,ADJUSTMENT,1,14.2,
MOV-00688,2024-05-09,PRD-019,ALM-NORTE,PURCHASE,1,32.0,ProveedorGamma
MOV-00689,2024-05-09,PRD-012,ALM-NORTE,PURCHASE,6,18.5,ProveedorAlfa
MOV-00690,2024-05-09,PRD-015,ALM-SUR,SALE,6,16.8,
MOV-00691,2024-05-09,PRD-017,ALM-CENTRAL,PURCHASE,16,38.0,ProveedorGamma
MOV-00692,2024-05-09,PRD-004,ALM-SUR,SALE,4,5.8,
MOV-00693,2024-05-09,PRD-012,ALM-NORTE,SALE,6,18.5,
MOV-00694,2024-05-10,PRD-005,ALM-SUR,SALE,6,6.5,
MOV-00695,2024-05-10,PRD-020,ALM-CENTRAL,SALE,6,6.0,
MOV-00696,2024-05-10,PRD-018,ALM-CENTRAL,PURCHASE,9,9.5,ProveedorBeta
MOV-00697,2024-05-10,PRD-008,ALM-CENTRAL,PURCHASE,3,7.4,ProveedorAlfa
MOV-00698,2024-05-10,PRD-017,ALM-CENTRAL,SALE,3,38.0,
MOV-00699,2024-05-11,PRD-012,ALM-CENTRAL,SALE,4,18.5,
MOV-00700,2024-05-11,PRD-004,ALM-CENTRAL,SALE,7,5.8,
MOV-00701,2024-05-11,PRD-017,ALM-CENTRAL,SALE,6,38.0,
MOV-00702,2024-05-11,PRD-005,ALM-CENTRAL,SALE,2,6.5,
MOV-00703,2024-05-11,PRD-015,ALM-NORTE,SALE,4,16.8,
MOV-00704,2024-05-11,PRD-019,ALM-CENTRAL,SALE,4,32.0,
MOV-00705,2024-05-11,PRD-015,ALM-SUR,PURCHASE,11,16.8,ProveedorBeta
MOV-00706,2024-05-12,PRD-017,ALM-CENTRAL,SALE,7,38.0,
MOV-00707,2024-05-12,PRD-002,ALM-CENTRAL,SALE,6,8.3,
MOV-00708,2024-05-12,PRD-010,ALM-SUR,PURCHASE,17,28.0,ProveedorGamma
MOV-00709,2024-05-12,PRD-001,ALM-CENTRAL,PURCHASE,6,12.5,ProveedorAlfa
MOV-00710,2024-05-12,PRD-002,ALM-CENTRAL,SALE,3,8.3,
MOV-00711,2024-05-12,PRD-003,ALM-NORTE,SALE,6,22.0,
MOV-00712,2024-05-13,PRD-003,ALM-SUR,ADJUSTMENT,2,22.0,
MOV-00713,2024-05-13,PRD-002,ALM-NORTE,SALE,7,8.3,
MOV-00714,2024-05-13,PRD-005,ALM-CENTRAL,PURCHASE,11,6.5,ProveedorDelta
MOV-00715,2024-05-14,PRD-012,ALM-SUR,ADJUSTMENT,3,18.5,
MOV-00716,2024-05-14,PRD-015,ALM-SUR,PURCHASE,13,16.8,ProveedorDelta
MOV-00717,2024-05-14,PRD-003,ALM-CENTRAL,PURCHASE,12,22.0,ProveedorBeta
MOV-00718,2024-05-14,PRD-012,ALM-CENTRAL,SALE,5,18.5,
MOV-00719,2024-05-15,PRD-013,ALM-CENTRAL,SALE,2,12.0,
MOV-00720,2024-05-15,PRD-008,ALM-NORTE,PURCHASE,4,7.4,ProveedorGamma
MOV-00721,2024-05-15,PRD-015,ALM-CENTRAL,PURCHASE,19,16.8,ProveedorDelta
MOV-00722,2024-05-15,PRD-018,ALM-NORTE,SALE,4,9.5,
MOV-00723,2024-05-15,PRD-008,ALM-NORTE,SALE,1,7.4,
MOV-00724,2024-05-15,PRD-009,ALM-CENTRAL,SALE,4,14.2,
MOV-00725,2024-05-15,PRD-004,ALM-CENTRAL,SALE,1,5.8,
MOV-00726,2024-05-15,PRD-014,ALM-NORTE,SALE,4,45.0,
MOV-00727,2024-05-16,PRD-008,ALM-NORTE,SALE,2,7.4,
MOV-00728,2024-05-16,PRD-020,ALM-CENTRAL,SALE,6,6.0,
MOV-00729,2024-05-16,PRD-002,ALM-NORTE,SALE,6,8.3,
MOV-00730,2024-05-17,PRD-013,ALM-CENTRAL,SALE,6,12.0,
MOV-00731,2024-05-17,PRD-007,ALM-NORTE,PURCHASE,11,95.0,ProveedorBeta
MOV-00732,2024-05-17,PRD-017,ALM-NORTE,ADJUSTMENT,7,38.0,
MOV-00733,2024-05-17,PRD-019,ALM-CENTRAL,SALE,4,32.0,
MOV-00734,2024-05-17,PRD-011,ALM-NORTE,SALE,5,65.0,
MOV-00735,2024-05-17,PRD-017,ALM-SUR,SALE,3,38.0,
MOV-00736,2024-05-17,PRD-009,ALM-CENTRAL,SALE,3,14.2,
MOV-00737,2024-05-18,PRD-006,ALM-SUR,SALE,6,3.2,
MOV-00738,2024-05-18,PRD-018,ALM-SUR,SALE,2,9.5,
MOV-00739,2024-05-18,PRD-013,ALM-SUR,PURCHASE,10,12.0,ProveedorDelta
MOV-00740,2024-05-19,PRD-014,ALM-SUR,SALE,7,45.0,
MOV-00741,2024-05-19,PRD-006,ALM-SUR,PURCHASE,10,3.2,ProveedorBeta
MOV-00742,2024-05-19,PRD-008,ALM-CENTRAL,SALE,4,7.4,
MOV-00743,2024-05-19,PRD-005,ALM-NORTE,PURCHASE,2,6.5,ProveedorDelta
MOV-00744,2024-05-19,PRD-014,ALM-NORTE,SALE,5,45.0,
MOV-00745,2024-05-19,PRD-013,ALM-NORTE,SALE,2,12.0,
MOV-00746,2024-05-19,PRD-011,ALM-SUR,SALE,4,65.0,
MOV-00747,2024-05-20,PRD-012,ALM-CENTRAL,SALE,7,18.5,
MOV-00748,2024-05-20,PRD-007,ALM-SUR,SALE,5,95.0,
MOV-00749,2024-05-20,PRD-020,ALM-NORTE,SALE,1,6.0,
MOV-00750,2024-05-21,PRD-007,ALM-CENTRAL,PURCHASE,9,95.0,ProveedorBeta
MOV-00751,2024-05-21,PRD-016,ALM-SUR,SALE,3,55.0,
MOV-00752,2024-05-21,PRD-010,ALM-NORTE,ADJUSTMENT,7,28.0,
MOV-00753,2024-05-22,PRD-007,ALM-CENTRAL,ADJUSTMENT,7,95.0,
MOV-00754,2024-05-22,PRD-004,ALM-SUR,PURCHASE,3,5.8,ProveedorBeta
MOV-00755,2024-05-22,PRD-020,ALM-SUR,PURCHASE,17,6.0,ProveedorBeta
MOV-00756,2024-05-22,PRD-018,ALM-SUR,SALE,5,9.5,
MOV-00757,2024-05-22,PRD-013,ALM-CENTRAL,SALE,6,12.0,
MOV-00758,2024-05-22,PRD-012,ALM-SUR,SALE,4,18.5,
MOV-00759,2024-05-22,PRD-017,ALM-SUR,PURCHASE,12,38.0,ProveedorAlfa
MOV-00760,2024-05-22,PRD-016,ALM-SUR,PURCHASE,18,55.0,ProveedorBeta
MOV-00761,2024-05-23,PRD-012,ALM-NORTE,SALE,5,18.5,
MOV-00762,2024-05-23,PRD-019,ALM-CENTRAL,PURCHASE,11,32.0,ProveedorBeta
MOV-00763,2024-05-23,PRD-001,ALM-CENTRAL,SALE,1,12.5,
MOV-00764,2024-05-23,PRD-019,ALM-SUR,PURCHASE,2,32.0,ProveedorBeta
MOV-00765,2024-05-23,PRD-007,ALM-SUR,SALE,4,95.0,
MOV-00766,2024-05-23,PRD-019,ALM-SUR,PURCHASE,3,32.0,ProveedorGamma
MOV-00767,2024-05-23,PRD-009,ALM-SUR,PURCHASE,3,14.2,ProveedorDelta
MOV-00768,2024-05-23,PRD-015,ALM-SUR,SALE,1,16.8,
MOV-00769,2024-05-24,PRD-006,ALM-CENTRAL,SALE,4,3.2,
MOV-00770,2024-05-24,PRD-016,ALM-CENTRAL,SALE,5,55.0,
MOV-00771,2024-05-24,PRD-002,ALM-NORTE,SALE,3,8.3,
MOV-00772,2024-05-24,PRD-002,ALM-SUR,PURCHASE,9,8.3,ProveedorBeta
MOV-00773,2024-05-24,PRD-008,ALM-NORTE,SALE,5,7.4,
MOV-00774,2024-05-24,PRD-001,ALM-SUR,SALE,6,12.5,
MOV-00775,2024-05-24,PRD-012,ALM-CENTRAL,SALE,4,18.5,
MOV-00776,2024-05-24,PRD-020,ALM-CENTRAL,PURCHASE,3,6.0,ProveedorDelta
MOV-00777,2024-05-25,PRD-001,ALM-CENTRAL,SALE,5,12.5,
MOV-00778,2024-05-25,PRD-014,ALM-CENTRAL,SALE,5,45.0,
MOV-00779,2024-05-25,PRD-009,ALM-SUR,SALE,3,14.2,
MOV-00780,2024-05-25,PRD-001,ALM-CENTRAL,SALE,3,12.5,
MOV-00781,2024-05-25,PRD-014,ALM-NORTE,PURCHASE,14,45.0,ProveedorAlfa
MOV-00782,2024-05-25,PRD-004,ALM-NORTE,SALE,2,5.8,
MOV-00783,2024-05-25,PRD-007,ALM-SUR,SALE,6,95.0,
MOV-00784,2024-05-26,PRD-012,ALM-SUR,SALE,1,18.5,
MOV-00785,2024-05-26,PRD-003,ALM-SUR,SALE,5,22.0,
MOV-00786,2024-05-26,PRD-015,ALM-CENTRAL,SALE,2,16.8,
MOV-00787,2024-05-26,PRD-008,ALM-NORTE,SALE,1,7.4,
MOV-00788,2024-05-26,PRD-002,ALM-SUR,SALE,2,8.3,
MOV-00789,2024-05-26,PRD-013,ALM-NORTE,SALE,7,12.0,
MOV-00790,2024-05-27,PRD-001,ALM-NORTE,PURCHASE,19,12.5,ProveedorDelta
MOV-00791,2024-05-27,PRD-014,ALM-SUR,SALE,5,45.0,
MOV-00792,2024-05-27,PRD-019,ALM-NORTE,ADJUSTMENT,6,32.0,
MOV-00793,2024-05-27,PRD-017,ALM-NORTE,PURCHASE,1,38.0,ProveedorBeta
MOV-00794,2024-05-27,PRD-019,ALM-NORTE,SALE,7,32.0,
MOV-00795,2024-05-27,PRD-003,ALM-SUR,PURCHASE,15,22.0,ProveedorAlfa
MOV-00796,2024-05-27,PRD-006,ALM-SUR,PURCHASE,1,3.2,ProveedorAlfa
MOV-00797,2024-05-27,PRD-007,ALM-CENTRAL,SALE,1,95.0,
MOV-00798,2024-05-28,PRD-013,ALM-SUR,PURCHASE,1,12.0,ProveedorBeta
MOV-00799,2024-05-28,PRD-019,ALM-SUR,SALE,7,32.0,
MOV-00800,2024-05-28,PRD-018,ALM-CENTRAL,SALE,7,9.5,
MOV-00801,2024-05-29,PRD-005,ALM-CENTRAL,PURCHASE,14,6.5,ProveedorAlfa
MOV-00802,2024-05-29,PRD-017,ALM-SUR,PURCHASE,8,38.0,ProveedorAlfa
MOV-00803,2024-05-29,PRD-004,ALM-NORTE,SALE,3,5.8,
MOV-00804,2024-05-29,PRD-011,ALM-CENTRAL,SALE,7,65.0,
MOV-00805,2024-05-30,PRD-020,ALM-SUR,SALE,6,6.0,
MOV-00806,2024-05-30,PRD-001,ALM-SUR,SALE,6,12.5,
MOV-00807,2024-05-30,PRD-016,ALM-CENTRAL,SALE,3,55.0,
MOV-00808,2024-05-30,PRD-013,ALM-CENTRAL,SALE,7,12.0,
MOV-00809,2024-05-30,PRD-019,ALM-NORTE,PURCHASE,19,32.0,ProveedorGamma
MOV-00810,2024-05-31,PRD-008,ALM-NORTE,PURCHASE,15,7.4,ProveedorGamma
MOV-00811,2024-05-31,PRD-005,ALM-CENTRAL,SALE,7,6.5,
MOV-00812,2024-05-31,PRD-005,ALM-SUR,PURCHASE,1,6.5,ProveedorGamma
MOV-00813,2024-05-31,PRD-004,ALM-SUR,SALE,4,5.8,
MOV-00814,2024-06-01,PRD-015,ALM-SUR,SALE,7,16.8,
MOV-00815,2024-06-01,PRD-004,ALM-NORTE,SALE,3,5.8,
MOV-00816,2024-06-01,PRD-014,ALM-CENTRAL,SALE,4,45.0,
MOV-00817,2024-06-01,PRD-017,ALM-NORTE,SALE,5,38.0,
MOV-00818,2024-06-01,PRD-003,ALM-NORTE,SALE,6,22.0,
MOV-00819,2024-06-01,PRD-020,ALM-SUR,SALE,1,6.0,
MOV-00820,2024-06-01,PRD-013,ALM-SUR,SALE,1,12.0,
MOV-00821,2024-06-01,PRD-013,ALM-CENTRAL,PURCHASE,5,12.0,ProveedorBeta
MOV-00822,2024-06-02,PRD-019,ALM-CENTRAL,SALE,7,32.0,
MOV-00823,2024-06-02,PRD-013,ALM-SUR,SALE,1,12.0,
MOV-00824,2024-06-02,PRD-010,ALM-NORTE,SALE,6,28.0,
MOV-00825,2024-06-02,PRD-003,ALM-SUR,SALE,4,22.0,
MOV-00826,2024-06-02,PRD-014,ALM-NORTE,SALE,6,45.0,
MOV-00827,2024-06-03,PRD-012,ALM-NORTE,SALE,2,18.5,
MOV-00828,2024-06-03,PRD-016,ALM-NORTE,SALE,5,55.0,
MOV-00829,2024-06-03,PRD-015,ALM-SUR,SALE,3,16.8,
MOV-00830,2024-06-03,PRD-001,ALM-SUR,ADJUSTMENT,2,12.5,
MOV-00831,2024-06-04,PRD-020,ALM-SUR,SALE,6,6.0,
MOV-00832,2024-06-04,PRD-015,ALM-CENTRAL,SALE,6,16.8,
MOV-00833,2024-06-04,PRD-020,ALM-SUR,SALE,5,6.0,
MOV-00834,2024-06-05,PRD-020,ALM-NORTE,ADJUSTMENT,5,6.0,
MOV-00835,2024-06-05,PRD-016,ALM-SUR,SALE,4,55.0,
MOV-00836,2024-06-05,PRD-011,ALM-CENTRAL,SALE,7,65.0,
MOV-00837,2024-06-05,PRD-016,ALM-NORTE,ADJUSTMENT,5,55.0,
MOV-00838,2024-06-05,PRD-011,ALM-SUR,SALE,5,65.0,
MOV-00839,2024-06-05,PRD-012,ALM-CENTRAL,SALE,5,18.5,
MOV-00840,2024-06-06,PRD-007,ALM-CENTRAL,SALE,4,95.0,
MOV-00841,2024-06-06,PRD-006,ALM-CENTRAL,PURCHASE,13,3.2,ProveedorAlfa
MOV-00842,2024-06-06,PRD-015,ALM-NORTE,ADJUSTMENT,2,16.8,
MOV-00843,2024-06-06,PRD-015,ALM-CENTRAL,PURCHASE,19,16.8,ProveedorAlfa
MOV-00844,2024-06-06,PRD-014,ALM-NORTE,PURCHASE,19,45.0,ProveedorGamma
MOV-00845,2024-06-06,PRD-008,ALM-NORTE,SALE,4,7.4,
MOV-00846,2024-06-07,PRD-014,ALM-NORTE,PURCHASE,11,45.0,ProveedorDelta
MOV-00847,2024-06-07,PRD-020,ALM-SUR,SALE,3,6.0,
MOV-00848,2024-06-07,PRD-018,ALM-CENTRAL,SALE,5,9.5,
MOV-00849,2024-06-07,PRD-014,ALM-SUR,SALE,4,45.0,
MOV-00850,2024-06-07,PRD-018,ALM-NORTE,SALE,3,9.5,
MOV-00851,2024-06-07,PRD-004,ALM-CENTRAL,PURCHASE,10,5.8,ProveedorGamma
MOV-00852,2024-06-08,PRD-006,ALM-NORTE,SALE,6,3.2,
MOV-00853,2024-06-08,PRD-019,ALM-CENTRAL,ADJUSTMENT,7,32.0,
MOV-00854,2024-06-08,PRD-013,ALM-SUR,ADJUSTMENT,7,12.0,
MOV-00855,2024-06-08,PRD-014,ALM-NORTE,SALE,2,45.0,
MOV-00856,2024-06-08,PRD-009,ALM-CENTRAL,SALE,6,14.2,
MOV-00857,2024-06-08,PRD-017,ALM-CENTRAL,SALE,3,38.0,
MOV-00858,2024-06-08,PRD-019,ALM-SUR,SALE,4,32.0,
MOV-00859,2024-06-08,PRD-013,ALM-CENTRAL,SALE,2,12.0,
MOV-00860,2024-06-09,PRD-019,ALM-NORTE,PURCHASE,8,32.0,ProveedorGamma
MOV-00861,2024-06-09,PRD-001,ALM-SUR,SALE,6,12.5,
MOV-00862,2024-06-09,PRD-014,ALM-NORTE,PURCHASE,18,45.0,ProveedorAlfa
MOV-00863,2024-06-09,PRD-005,ALM-SUR,SALE,1,6.5,
MOV-00864,2024-06-09,PRD-015,ALM-CENTRAL,PURCHASE,1,16.8,ProveedorDelta
MOV-00865,2024-06-09,PRD-012,ALM-SUR,SALE,7,18.5,
MOV-00866,2024-06-09,PRD-015,ALM-SUR,SALE,4,16.8,
MOV-00867,2024-06-10,PRD-002,ALM-NORTE,PURCHASE,12,8.3,ProveedorAlfa
MOV-00868,2024-06-10,PRD-011,ALM-CENTRAL,SALE,4,65.0,
MOV-00869,2024-06-10,PRD-006,ALM-CENTRAL,PURCHASE,4,3.2,ProveedorBeta
MOV-00870,2024-06-10,PRD-017,ALM-NORTE,SALE,4,38.0,
MOV-00871,2024-06-10,PRD-011,ALM-SUR,SALE,5,65.0,
MOV-00872,2024-06-11,PRD-008,ALM-CENTRAL,PURCHASE,8,7.4,ProveedorBeta
MOV-00873,2024-06-11,PRD-006,ALM-SUR,SALE,7,3.2,
MOV-00874,2024-06-11,PRD-013,ALM-CENTRAL,SALE,2,12.0,
MOV-00875,2024-06-11,PRD-007,ALM-SUR,SALE,1,95.0,
MOV-00876,2024-06-11,PRD-013,ALM-NORTE,SALE,4,12.0,
MOV-00877,2024-06-11,PRD-007,ALM-CENTRAL,SALE,7,95.0,
MOV-00878,2024-06-11,PRD-003,ALM-CENTRAL,SALE,2,22.0,
MOV-00879,2024-06-12,PRD-006,ALM-NORTE,SALE,6,3.2,
MOV-00880,2024-06-12,PRD-015,ALM-CENTRAL,SALE,3,16.8,
MOV-00881,2024-06-12,PRD-016,ALM-CENTRAL,SALE,5,55.0,
MOV-00882,2024-06-13,PRD-011,ALM-CENTRAL,SALE,1,65.0,
MOV-00883,2024-06-13,PRD-013,ALM-SUR,SALE,6,12.0,
MOV-00884,2024-06-13,PRD-012,ALM-CENTRAL,PURCHASE,11,18.5,ProveedorBeta
MOV-00885,2024-06-13,PRD-010,ALM-CENTRAL,PURCHASE,1,28.0,ProveedorAlfa
MOV-00886,2024-06-13,PRD-005,ALM-NORTE,SALE,6,6.5,
MOV-00887,2024-06-13,PRD-010,ALM-SUR,SALE,5,28.0,
MOV-00888,2024-06-13,PRD-005,ALM-SUR,SALE,5,6.5,
MOV-00889,2024-06-13,PRD-020,ALM-SUR,SALE,2,6.0,
MOV-00890,2024-06-14,PRD-014,ALM-CENTRAL,SALE,4,45.0,
MOV-00891,2024-06-14,PRD-018,ALM-CENTRAL,PURCHASE,1,9.5,ProveedorBeta
MOV-00892,2024-06-14,PRD-018,ALM-SUR,SALE,7,9.5,
MOV-00893,2024-06-14,PRD-005,ALM-SUR,SALE,6,6.5,
MOV-00894,2024-06-14,PRD-020,ALM-SUR,SALE,7,6.0,
MOV-00895,2024-06-14,PRD-001,ALM-NORTE,SALE,3,12.5,
MOV-00896,2024-06-14,PRD-013,ALM-CENTRAL,ADJUSTMENT,7,12.0,
MOV-00897,2024-06-14,PRD-016,ALM-SUR,SALE,5,55.0,
MOV-00898,2024-06-15,PRD-014,ALM-SUR,PURCHASE,9,45.0,ProveedorDelta
MOV-00899,2024-06-15,PRD-006,ALM-NORTE,SALE,2,3.2,
MOV-00900,2024-06-15,PRD-008,ALM-SUR,SALE,4,7.4,
MOV-00901,2024-06-16,PRD-008,ALM-NORTE,SALE,5,7.4,
MOV-00902,2024-06-16,PRD-015,ALM-SUR,SALE,2,16.8,
MOV-00903,2024-06-16,PRD-018,ALM-CENTRAL,SALE,1,9.5,
MOV-00904,2024-06-17,PRD-004,ALM-CENTRAL,SALE,7,5.8,
MOV-00905,2024-06-17,PRD-012,ALM-NORTE,SALE,4,18.5,
MOV-00906,2024-06-17,PRD-015,ALM-SUR,SALE,1,16.8,
MOV-00907,2024-06-17,PRD-004,ALM-CENTRAL,PURCHASE,11,5.8,ProveedorBeta
MOV-00908,2024-06-17,PRD-010,ALM-NORTE,PURCHASE,6,28.0,ProveedorDelta
MOV-00909,2024-06-18,PRD-009,ALM-NORTE,SALE,7,14.2,
MOV-00910,2024-06-18,PRD-015,ALM-NORTE,PURCHASE,18,16.8,ProveedorBeta
MOV-00911,2024-06-18,PRD-007,ALM-CENTRAL,PURCHASE,2,95.0,ProveedorGamma
MOV-00912,2024-06-18,PRD-020,ALM-NORTE,SALE,3,6.0,
MOV-00913,2024-06-19,PRD-020,ALM-NORTE,SALE,3,6.0,
MOV-00914,2024-06-19,PRD-007,ALM-CENTRAL,PURCHASE,12,95.0,ProveedorGamma
MOV-00915,2024-06-19,PRD-018,ALM-CENTRAL,SALE,3,9.5,
MOV-00916,2024-06-20,PRD-006,ALM-CENTRAL,SALE,6,3.2,
MOV-00917,2024-06-20,PRD-010,ALM-SUR,SALE,1,28.0,
MOV-00918,2024-06-20,PRD-017,ALM-CENTRAL,ADJUSTMENT,7,38.0,
MOV-00919,2024-06-20,PRD-004,ALM-SUR,SALE,4,5.8,
MOV-00920,2024-06-20,PRD-002,ALM-CENTRAL,ADJUSTMENT,6,8.3,
MOV-00921,2024-06-21,PRD-005,ALM-NORTE,PURCHASE,1,6.5,ProveedorBeta
MOV-00922,2024-06-21,PRD-005,ALM-NORTE,PURCHASE,17,6.5,ProveedorDelta
MOV-00923,2024-06-21,PRD-016,ALM-CENTRAL,SALE,5,55.0,
MOV-00924,2024-06-21,PRD-009,ALM-SUR,SALE,7,14.2,
MOV-00925,2024-06-21,PRD-015,ALM-NORTE,SALE,3,16.8,
MOV-00926,2024-06-21,PRD-013,ALM-SUR,SALE,6,12.0,
MOV-00927,2024-06-21,PRD-012,ALM-SUR,SALE,2,18.5,
MOV-00928,2024-06-22,PRD-011,ALM-CENTRAL,SALE,2,65.0,
MOV-00929,2024-06-22,PRD-003,ALM-SUR,PURCHASE,17,22.0,ProveedorGamma
MOV-00930,2024-06-22,PRD-003,ALM-SUR,PURCHASE,7,22.0,ProveedorBeta
MOV-00931,2024-06-22,PRD-014,ALM-SUR,PURCHASE,17,45.0,ProveedorGamma
MOV-00932,2024-06-22,PRD-011,ALM-SUR,PURCHASE,9,65.0,ProveedorBeta
MOV-00933,2024-06-22,PRD-019,ALM-SUR,PURCHASE,17,32.0,ProveedorAlfa
MOV-00934,2024-06-23,PRD-002,ALM-SUR,SALE,6,8.3,
MOV-00935,2024-06-23,PRD-001,ALM-NORTE,SALE,6,12.5,
MOV-00936,2024-06-23,PRD-015,ALM-SUR,SALE,4,16.8,
MOV-00937,2024-06-23,PRD-007,ALM-NORTE,ADJUSTMENT,7,95.0,
MOV-00938,2024-06-23,PRD-010,ALM-SUR,SALE,5,28.0,
MOV-00939,2024-06-23,PRD-003,ALM-SUR,PURCHASE,8,22.0,ProveedorAlfa
MOV-00940,2024-06-24,PRD-012,ALM-CENTRAL,PURCHASE,7,18.5,ProveedorBeta
MOV-00941,2024-06-24,PRD-002,ALM-SUR,SALE,1,8.3,
MOV-00942,2024-06-24,PRD-008,ALM-NORTE,SALE,5,7.4,
MOV-00943,2024-06-25,PRD-004,ALM-SUR,SALE,7,5.8,
MOV-00944,2024-06-25,PRD-003,ALM-NORTE,SALE,3,22.0,
MOV-00945,2024-06-25,PRD-017,ALM-NORTE,PURCHASE,19,38.0,ProveedorAlfa
MOV-00946,2024-06-25,PRD-011,ALM-SUR,PURCHASE,17,65.0,ProveedorBeta
MOV-00947,2024-06-25,PRD-016,ALM-SUR,SALE,5,55.0,
MOV-00948,2024-06-25,PRD-003,ALM-NORTE,PURCHASE,16,22.0,ProveedorAlfa
MOV-00949,2024-06-25,PRD-011,ALM-SUR,SALE,3,65.0,
MOV-00950,2024-06-25,PRD-005,ALM-NORTE,SALE,2,6.5,
MOV-00951,2024-06-26,PRD-005,ALM-CENTRAL,SALE,6,6.5,
MOV-00952,2024-06-26,PRD-001,ALM-NORTE,SALE,3,12.5,
MOV-00953,2024-06-26,PRD-015,ALM-NORTE,SALE,7,16.8,
MOV-00954,2024-06-27,PRD-005,ALM-CENTRAL,PURCHASE,2,6.5,ProveedorDelta
MOV-00955,2024-06-27,PRD-007,ALM-NORTE,SALE,6,95.0,
MOV-00956,2024-06-27,PRD-005,ALM-CENTRAL,PURCHASE,17,6.5,ProveedorDelta
MOV-00957,2024-06-27,PRD-012,ALM-SUR,ADJUSTMENT,2,18.5,
MOV-00958,2024-06-28,PRD-005,ALM-CENTRAL,SALE,6,6.5,
MOV-00959,2024-06-28,PRD-003,ALM-CENTRAL,SALE,3,22.0,
MOV-00960,2024-06-28,PRD-020,ALM-SUR,PURCHASE,4,6.0,ProveedorAlfa
MOV-00961,2024-06-28,PRD-010,ALM-CENTRAL,SALE,1,28.0,
MOV-00962,2024-06-28,PRD-017,ALM-SUR,SALE,5,38.0,
MOV-00963,2024-06-28,PRD-010,ALM-NORTE,SALE,7,28.0,
MOV-00964,2024-06-28,PRD-016,ALM-NORTE,SALE,7,55.0,
MOV-00965,2024-06-28,PRD-016,ALM-NORTE,SALE,3,55.0,
